<rss version="2.0" xmlns:atom="http://www.w3.org/2005/Atom">
  <channel>
    <title>Stroom – pipeline</title>
    <link>/tags/pipeline/</link>
    <description>Recent content in pipeline on Stroom</description>
    <generator>Hugo -- gohugo.io</generator>
    <lastBuildDate>Tue, 27 Jul 2021 00:00:00 +0000</lastBuildDate>
    
	  <atom:link href="/tags/pipeline/index.xml" rel="self" type="application/rss+xml" />
    
    
      
        
      
    
    
    <item>
      <title>Docs: Pipeline Processing</title>
      <link>/docs/quick-start-guide/process/</link>
      <pubDate>Fri, 09 Jul 2021 00:00:00 +0000</pubDate>
      
      <guid>/docs/quick-start-guide/process/</guid>
      <description>
        
        
        &lt;h2 id=&#34;create-a-pipeline&#34;&gt;Create a pipeline&lt;/h2&gt;
&lt;p&gt;Pipelines control how data is processed in Stroom.
Typically you&amp;rsquo;re going to want to do a lot of the same stuff for every pipeline, i.e. similar transformations, indexing, writing out data.
You can actually create a template pipeline and inherit from it, tweaking what you need to for this or that feed.
We&amp;rsquo;re not doing that now because we want to show how to create one from scratch.&lt;/p&gt;







  
  
  
  
  







  



&lt;div class=&#34;card rounded shadow-stroom p-2 td-post-card mb-4 mt-4&#34; style=&#34;width: fit-content;&#34;&gt;

  &lt;a title=&#34;images/quick-start-guide/process/create-pipeline.png&#34; href=&#34;../../images/quick-start-guide/process/create-pipeline.png&#34;&gt;
    &lt;figure style=&#34;margin-block-end: 0px&#34; &gt;
      
      &lt;img class=&#34;card-img-top&#34; src=&#34;../../images/quick-start-guide/process/create-pipeline.png&#34; alt=&#34;images/quick-start-guide/process/create-pipeline.png&#34;&gt;
      

      
      &lt;div class=&#34;card-body px-0 pt-2 pb-0&#34;&gt;
        &lt;hr style=&#34;border-top: 1px solid #ddd; margin-top: 0px; margin-bottom:4px;&#34;&gt;
        &lt;figcaption class=&#34;card-text&#34; style=&#34;font-size: smaller; text-align: center;&#34;&gt;Creating a pipeline&lt;/figcaption&gt;
      &lt;/div&gt;
      
    &lt;/figure&gt;
  &lt;/a&gt;
&lt;/div&gt;

&lt;ol&gt;
&lt;li&gt;Create a pipeline by right-clicking our &lt;code&gt;Stroom 101&lt;/code&gt; folder. Call it something like &lt;code&gt;CSV to XML pipeline&lt;/code&gt;.&lt;/li&gt;
&lt;li&gt;Select &lt;em&gt;Structure&lt;/em&gt; from the top of the new tab. This is the most important view for the pipeline because it shows what will actually happen on the pipeline.&lt;/li&gt;
&lt;li&gt;Check &lt;em&gt;Advanced Mode&lt;/em&gt; so that we can actually edit things.&lt;/li&gt;
&lt;/ol&gt;







  
  
  
  
  







  



&lt;div class=&#34;card rounded shadow-stroom p-2 td-post-card mb-4 mt-4&#34; style=&#34;width: fit-content;&#34;&gt;

  &lt;a title=&#34;images/quick-start-guide/process/configure-pipeline-advanced.png&#34; href=&#34;../../images/quick-start-guide/process/configure-pipeline-advanced.png&#34;&gt;
    &lt;figure style=&#34;margin-block-end: 0px&#34; &gt;
      
      &lt;img class=&#34;card-img-top&#34; src=&#34;../../images/quick-start-guide/process/configure-pipeline-advanced.png&#34; alt=&#34;images/quick-start-guide/process/configure-pipeline-advanced.png&#34;&gt;
      

      
      &lt;div class=&#34;card-body px-0 pt-2 pb-0&#34;&gt;
        &lt;hr style=&#34;border-top: 1px solid #ddd; margin-top: 0px; margin-bottom:4px;&#34;&gt;
        &lt;figcaption class=&#34;card-text&#34; style=&#34;font-size: smaller; text-align: center;&#34;&gt;Turn on &#39;Advanced Mode&#39;&lt;/figcaption&gt;
      &lt;/div&gt;
      
    &lt;/figure&gt;
  &lt;/a&gt;
&lt;/div&gt;

&lt;p&gt;We already have a &lt;code&gt;Source&lt;/code&gt; element. Unlike most other pipeline elements this isn&amp;rsquo;t something we need to configure. It&amp;rsquo;s just there to show the starting point. Data gets into the pipeline via other means - we&amp;rsquo;ll describe this in detail later.&lt;/p&gt;
&lt;h3 id=&#34;add-a-data-splitter&#34;&gt;Add a data splitter&lt;/h3&gt;
&lt;p&gt;Data splitters are powerful, and there is &lt;a href=&#34;../../docs/user-guide/data-splitter/&#34;&gt;a lot we can say&lt;/a&gt; about them. Here we&amp;rsquo;re just going to make a basic one.&lt;/p&gt;
&lt;h4 id=&#34;create-a-csv-splitter&#34;&gt;Create a CSV splitter&lt;/h4&gt;
&lt;p&gt;We have CSV in the following form:&lt;/p&gt;
&lt;pre&gt;&lt;code class=&#34;language-text&#34;&gt;id,guid,from_ip,to_ip,application
1,10990cde-1084-4006-aaf3-7fe52b62ce06,159.161.108.105,217.151.32.69,Tres-Zap
2,633aa1a8-04ff-442d-ad9a-03ce9166a63a,210.14.34.58,133.136.48.23,Sub-Ex
&lt;/code&gt;&lt;/pre&gt;
&lt;p&gt;To process this we need to know if there&amp;rsquo;s a header row, and what the delimiters are. This is a job for a &lt;em&gt;Data Splitter&lt;/em&gt;.&lt;/p&gt;
&lt;p&gt;The splitter is actually a type of &lt;em&gt;Text Converter&lt;/em&gt;, so lets create one of those:&lt;/p&gt;







  
  
  
  
  







  



&lt;div class=&#34;card rounded shadow-stroom p-2 td-post-card mb-4 mt-4&#34; style=&#34;width: fit-content;&#34;&gt;

  &lt;a title=&#34;images/quick-start-guide/process/create-textConverter.png&#34; href=&#34;../../images/quick-start-guide/process/create-textConverter.png&#34;&gt;
    &lt;figure style=&#34;margin-block-end: 0px&#34; &gt;
      
      &lt;img class=&#34;card-img-top&#34; src=&#34;../../images/quick-start-guide/process/create-textConverter.png&#34; alt=&#34;images/quick-start-guide/process/create-textConverter.png&#34;&gt;
      

      
      &lt;div class=&#34;card-body px-0 pt-2 pb-0&#34;&gt;
        &lt;hr style=&#34;border-top: 1px solid #ddd; margin-top: 0px; margin-bottom:4px;&#34;&gt;
        &lt;figcaption class=&#34;card-text&#34; style=&#34;font-size: smaller; text-align: center;&#34;&gt;Create the CSV splitter&lt;/figcaption&gt;
      &lt;/div&gt;
      
    &lt;/figure&gt;
  &lt;/a&gt;
&lt;/div&gt;

&lt;p&gt;Call it something like &lt;code&gt;CSV splitter&lt;/code&gt;. In the new tab you need to tell the &lt;em&gt;Text Converter&lt;/em&gt; that it&amp;rsquo;ll be a &lt;em&gt;Data Splitter&lt;/em&gt;:&lt;/p&gt;







  
  
  
  
  







  



&lt;div class=&#34;card rounded shadow-stroom p-2 td-post-card mb-4 mt-4&#34; style=&#34;width: fit-content;&#34;&gt;

  &lt;a title=&#34;images/quick-start-guide/process/configure-csvSplitter-type.png&#34; href=&#34;../../images/quick-start-guide/process/configure-csvSplitter-type.png&#34;&gt;
    &lt;figure style=&#34;margin-block-end: 0px&#34; &gt;
      
      &lt;img class=&#34;card-img-top&#34; src=&#34;../../images/quick-start-guide/process/configure-csvSplitter-type.png&#34; alt=&#34;images/quick-start-guide/process/configure-csvSplitter-type.png&#34;&gt;
      

      
      &lt;div class=&#34;card-body px-0 pt-2 pb-0&#34;&gt;
        &lt;hr style=&#34;border-top: 1px solid #ddd; margin-top: 0px; margin-bottom:4px;&#34;&gt;
        &lt;figcaption class=&#34;card-text&#34; style=&#34;font-size: smaller; text-align: center;&#34;&gt;Configuring the data splitter&lt;/figcaption&gt;
      &lt;/div&gt;
      
    &lt;/figure&gt;
  &lt;/a&gt;
&lt;/div&gt;

&lt;p&gt;Now go to the &lt;em&gt;Conversion&lt;/em&gt; tab. What you need to put in here is specific to the built-in &lt;em&gt;Data Splitter&lt;/em&gt; functionality, so I&amp;rsquo;m just going to tell you what you&amp;rsquo;re going to need:&lt;/p&gt;
&lt;pre&gt;&lt;code class=&#34;language-xml&#34;&gt;&amp;lt;?xml version=&amp;quot;1.1&amp;quot; encoding=&amp;quot;UTF-8&amp;quot;?&amp;gt;
&amp;lt;dataSplitter xmlns=&amp;quot;data-splitter:3&amp;quot; xmlns:xsi=&amp;quot;http://www.w3.org/2001/XMLSchema-instance&amp;quot; xsi:schemaLocation=&amp;quot;data-splitter:3 file://data-splitter-v3.0.1.xsd&amp;quot; version=&amp;quot;3.0&amp;quot;&amp;gt;
  &amp;lt;!-- The first line contains the field names --&amp;gt;
  &amp;lt;split delimiter=&amp;quot;\n&amp;quot; maxMatch=&amp;quot;1&amp;quot;&amp;gt;
    &amp;lt;group&amp;gt;
      &amp;lt;split delimiter=&amp;quot;,&amp;quot; containerStart=&amp;quot;&amp;amp;#34;&amp;quot; containerEnd=&amp;quot;&amp;amp;#34;&amp;quot;&amp;gt;
        &amp;lt;var id=&amp;quot;heading&amp;quot; /&amp;gt;
      &amp;lt;/split&amp;gt;
    &amp;lt;/group&amp;gt;
  &amp;lt;/split&amp;gt;

  &amp;lt;!-- All subsequent lines are records --&amp;gt;
  &amp;lt;split delimiter=&amp;quot;\n&amp;quot;&amp;gt;
    &amp;lt;group&amp;gt;
      &amp;lt;split delimiter=&amp;quot;,&amp;quot; containerStart=&amp;quot;&amp;amp;#34;&amp;quot; containerEnd=&amp;quot;&amp;amp;#34;&amp;quot;&amp;gt;
        &amp;lt;data name=&amp;quot;$heading$1&amp;quot; value=&amp;quot;$1&amp;quot; /&amp;gt;
      &amp;lt;/split&amp;gt;
    &amp;lt;/group&amp;gt;
  &amp;lt;/split&amp;gt;
&amp;lt;/dataSplitter&amp;gt;
&lt;/code&gt;&lt;/pre&gt;
&lt;p&gt;You can see that it uses the &lt;code&gt;data-splitter-v3.0.1.xsd&lt;/code&gt; that we imported earlier. Save it by clicking the save icon 







&lt;img class=&#34;stroom-icon&#34; src=&#34;../../images/stroom-ui/save.svg&#34; width=&#34;16px&#34; title=&#34;Save&#34; alt=&#34;save.svg&#34;&gt;
.&lt;/p&gt;
&lt;p&gt;So we now have a configured, re-usable data splitter for CSV files that have headers. We need to add this to our pipeline as a filter, so head back to the pipeline&amp;rsquo;s Structure section and add a DSParser, as below. Call it something like &lt;code&gt;CSV splitter filter&lt;/code&gt;:







  
  
  
  
  







  



&lt;div class=&#34;card rounded shadow-stroom p-2 td-post-card mb-4 mt-4&#34; style=&#34;width: fit-content;&#34;&gt;

  &lt;a title=&#34;images/quick-start-guide/process/add-dsParser.png&#34; href=&#34;../../images/quick-start-guide/process/add-dsParser.png&#34;&gt;
    &lt;figure style=&#34;margin-block-end: 0px&#34; &gt;
      
      &lt;img class=&#34;card-img-top&#34; src=&#34;../../images/quick-start-guide/process/add-dsParser.png&#34; alt=&#34;images/quick-start-guide/process/add-dsParser.png&#34;&gt;
      

      
      &lt;div class=&#34;card-body px-0 pt-2 pb-0&#34;&gt;
        &lt;hr style=&#34;border-top: 1px solid #ddd; margin-top: 0px; margin-bottom:4px;&#34;&gt;
        &lt;figcaption class=&#34;card-text&#34; style=&#34;font-size: smaller; text-align: center;&#34;&gt;Adding a dsParser&lt;/figcaption&gt;
      &lt;/div&gt;
      
    &lt;/figure&gt;
  &lt;/a&gt;
&lt;/div&gt;
&lt;/p&gt;
&lt;p&gt;Now we have a pipeline that looks like this:&lt;/p&gt;







  
  
  
  
  







  



&lt;div class=&#34;card rounded shadow-stroom p-2 td-post-card mb-4 mt-4&#34; style=&#34;width: fit-content;&#34;&gt;

  &lt;a title=&#34;images/quick-start-guide/process/pipeline-01.png&#34; href=&#34;../../images/quick-start-guide/process/pipeline-01.png&#34;&gt;
    &lt;figure style=&#34;margin-block-end: 0px&#34; &gt;
      
      &lt;img class=&#34;card-img-top&#34; src=&#34;../../images/quick-start-guide/process/pipeline-01.png&#34; alt=&#34;images/quick-start-guide/process/pipeline-01.png&#34;&gt;
      

      
      &lt;div class=&#34;card-body px-0 pt-2 pb-0&#34;&gt;
        &lt;hr style=&#34;border-top: 1px solid #ddd; margin-top: 0px; margin-bottom:4px;&#34;&gt;
        &lt;figcaption class=&#34;card-text&#34; style=&#34;font-size: smaller; text-align: center;&#34;&gt;Pipeline with a CSV splitter&lt;/figcaption&gt;
      &lt;/div&gt;
      
    &lt;/figure&gt;
  &lt;/a&gt;
&lt;/div&gt;

&lt;p&gt;Click on the &lt;code&gt;CSV splitter filter&lt;/code&gt; element and the pane below will show it&amp;rsquo;s properties. We need to tell it to use our newly created &lt;code&gt;CSV splitter&lt;/code&gt;. Double click the &lt;code&gt;textConverter&lt;/code&gt; property and change &lt;code&gt;Value&lt;/code&gt; to the actual CSV splitter:&lt;/p&gt;







  
  
  
  
  







  



&lt;div class=&#34;card rounded shadow-stroom p-2 td-post-card mb-4 mt-4&#34; style=&#34;width: fit-content;&#34;&gt;

  &lt;a title=&#34;images/quick-start-guide/process/configuring-dsSplitter.png&#34; href=&#34;../../images/quick-start-guide/process/configuring-dsSplitter.png&#34;&gt;
    &lt;figure style=&#34;margin-block-end: 0px&#34; &gt;
      
      &lt;img class=&#34;card-img-top&#34; src=&#34;../../images/quick-start-guide/process/configuring-dsSplitter.png&#34; alt=&#34;images/quick-start-guide/process/configuring-dsSplitter.png&#34;&gt;
      

      
      &lt;div class=&#34;card-body px-0 pt-2 pb-0&#34;&gt;
        &lt;hr style=&#34;border-top: 1px solid #ddd; margin-top: 0px; margin-bottom:4px;&#34;&gt;
        &lt;figcaption class=&#34;card-text&#34; style=&#34;font-size: smaller; text-align: center;&#34;&gt;Configuring the CSV splitter&lt;/figcaption&gt;
      &lt;/div&gt;
      
    &lt;/figure&gt;
  &lt;/a&gt;
&lt;/div&gt;

&lt;h4 id=&#34;test-the-csv-splitter&#34;&gt;Test the csv splitter&lt;/h4&gt;
&lt;p&gt;So now we have CSV data in Stroom and a pipeline that is configured to process CSV data. We&amp;rsquo;ve done a fair few things so far and are we sure the pipeline is correctly configured? We can do some debugging and find out.&lt;/p&gt;
&lt;p&gt;In Stroom you can step through you records and see what the output is at each stage. It&amp;rsquo;s easy to start doing this. The first thing to do is to open your &lt;code&gt;CSV_FEED&lt;/code&gt; feed, then click the big blue &lt;em&gt;stepping&lt;/em&gt; button at the bottom right:&lt;/p&gt;







  
  
  
  
  







  



&lt;div class=&#34;card rounded shadow-stroom p-2 td-post-card mb-4 mt-4&#34; style=&#34;width: fit-content;&#34;&gt;

  &lt;a title=&#34;images/quick-start-guide/process/run-debug.png&#34; href=&#34;../../images/quick-start-guide/process/run-debug.png&#34;&gt;
    &lt;figure style=&#34;margin-block-end: 0px&#34; &gt;
      
      &lt;img class=&#34;card-img-top&#34; src=&#34;../../images/quick-start-guide/process/run-debug.png&#34; alt=&#34;images/quick-start-guide/process/run-debug.png&#34;&gt;
      

      
      &lt;div class=&#34;card-body px-0 pt-2 pb-0&#34;&gt;
        &lt;hr style=&#34;border-top: 1px solid #ddd; margin-top: 0px; margin-bottom:4px;&#34;&gt;
        &lt;figcaption class=&#34;card-text&#34; style=&#34;font-size: smaller; text-align: center;&#34;&gt;Starting pipeline stepping&lt;/figcaption&gt;
      &lt;/div&gt;
      
    &lt;/figure&gt;
  &lt;/a&gt;
&lt;/div&gt;

&lt;p&gt;You&amp;rsquo;ll be asked to select a pipeline:&lt;/p&gt;







  
  
  
  
  







  



&lt;div class=&#34;card rounded shadow-stroom p-2 td-post-card mb-4 mt-4&#34; style=&#34;width: fit-content;&#34;&gt;

  &lt;a title=&#34;images/quick-start-guide/process/configure-debug.png&#34; href=&#34;../../images/quick-start-guide/process/configure-debug.png&#34;&gt;
    &lt;figure style=&#34;margin-block-end: 0px&#34; &gt;
      
      &lt;img class=&#34;card-img-top&#34; src=&#34;../../images/quick-start-guide/process/configure-debug.png&#34; alt=&#34;images/quick-start-guide/process/configure-debug.png&#34;&gt;
      

      
      &lt;div class=&#34;card-body px-0 pt-2 pb-0&#34;&gt;
        &lt;hr style=&#34;border-top: 1px solid #ddd; margin-top: 0px; margin-bottom:4px;&#34;&gt;
        &lt;figcaption class=&#34;card-text&#34; style=&#34;font-size: smaller; text-align: center;&#34;&gt;Selecting a pipeline to step through&lt;/figcaption&gt;
      &lt;/div&gt;
      
    &lt;/figure&gt;
  &lt;/a&gt;
&lt;/div&gt;

&lt;p&gt;Now you get a view that&amp;rsquo;s similar to your feed view, except it also shows the pipeline:&lt;/p&gt;







  
  
  
  
  







  



&lt;div class=&#34;card rounded shadow-stroom p-2 td-post-card mb-4 mt-4&#34; style=&#34;width: fit-content;&#34;&gt;

  &lt;a title=&#34;images/quick-start-guide/process/debug-source.png&#34; href=&#34;../../images/quick-start-guide/process/debug-source.png&#34;&gt;
    &lt;figure style=&#34;margin-block-end: 0px&#34; &gt;
      
      &lt;img class=&#34;card-img-top&#34; src=&#34;../../images/quick-start-guide/process/debug-source.png&#34; alt=&#34;images/quick-start-guide/process/debug-source.png&#34;&gt;
      

      
      &lt;div class=&#34;card-body px-0 pt-2 pb-0&#34;&gt;
        &lt;hr style=&#34;border-top: 1px solid #ddd; margin-top: 0px; margin-bottom:4px;&#34;&gt;
        &lt;figcaption class=&#34;card-text&#34; style=&#34;font-size: smaller; text-align: center;&#34;&gt;Debugging - source data&lt;/figcaption&gt;
      &lt;/div&gt;
      
    &lt;/figure&gt;
  &lt;/a&gt;
&lt;/div&gt;

&lt;p&gt;It also has stepping controls. Click the green step forward icon 







&lt;img class=&#34;stroom-icon&#34; src=&#34;../../images/stroom-ui/step-forward.svg&#34; width=&#34;16px&#34; title=&#34;Step Forward&#34; alt=&#34;step-forward.svg&#34;&gt;
. You should see something like this:&lt;/p&gt;







  
  
  
  
  







  



&lt;div class=&#34;card rounded shadow-stroom p-2 td-post-card mb-4 mt-4&#34; style=&#34;width: fit-content;&#34;&gt;

  &lt;a title=&#34;images/quick-start-guide/process/stepping-01.png&#34; href=&#34;../../images/quick-start-guide/process/stepping-01.png&#34;&gt;
    &lt;figure style=&#34;margin-block-end: 0px&#34; &gt;
      
      &lt;img class=&#34;card-img-top&#34; src=&#34;../../images/quick-start-guide/process/stepping-01.png&#34; alt=&#34;images/quick-start-guide/process/stepping-01.png&#34;&gt;
      

      
      &lt;div class=&#34;card-body px-0 pt-2 pb-0&#34;&gt;
        &lt;hr style=&#34;border-top: 1px solid #ddd; margin-top: 0px; margin-bottom:4px;&#34;&gt;
        &lt;figcaption class=&#34;card-text&#34; style=&#34;font-size: smaller; text-align: center;&#34;&gt;Stepping through the CSV data&lt;/figcaption&gt;
      &lt;/div&gt;
      
    &lt;/figure&gt;
  &lt;/a&gt;
&lt;/div&gt;

&lt;p&gt;Great! If you don&amp;rsquo;t see this then there&amp;rsquo;s something wrong. Click on &lt;code&gt;CSV splitter filter&lt;/code&gt;. You&amp;rsquo;ll see the conversion code and hopefully some errors. Some issues might be: did you remember to import the data splitter schema into Stroom? Did you remember to confgure the &lt;em&gt;Text Converter&lt;/em&gt; to be a &lt;em&gt;Data Splitter&lt;/em&gt;?&lt;/p&gt;
&lt;p&gt;If everything went fine then click the step forward button a few more times and you&amp;rsquo;ll see the yellow selection move down as you process each row.&lt;/p&gt;
&lt;p&gt;What we actually want to see is the output from the &lt;em&gt;Text Converter&lt;/em&gt;, so click on &lt;code&gt;CSV splitter filter&lt;/code&gt;. You&amp;rsquo;ll see the conversion code we entered earlier and below two panes, one containing the CSV and one containing the split-up text, in XML form:&lt;/p&gt;







  
  
  
  
  







  



&lt;div class=&#34;card rounded shadow-stroom p-2 td-post-card mb-4 mt-4&#34; style=&#34;width: fit-content;&#34;&gt;

  &lt;a title=&#34;images/quick-start-guide/process/stepping-02.png&#34; href=&#34;../../images/quick-start-guide/process/stepping-02.png&#34;&gt;
    &lt;figure style=&#34;margin-block-end: 0px&#34; &gt;
      
      &lt;img class=&#34;card-img-top&#34; src=&#34;../../images/quick-start-guide/process/stepping-02.png&#34; alt=&#34;images/quick-start-guide/process/stepping-02.png&#34;&gt;
      

      
      &lt;div class=&#34;card-body px-0 pt-2 pb-0&#34;&gt;
        &lt;hr style=&#34;border-top: 1px solid #ddd; margin-top: 0px; margin-bottom:4px;&#34;&gt;
        &lt;figcaption class=&#34;card-text&#34; style=&#34;font-size: smaller; text-align: center;&#34;&gt;The output from a working data splitter&lt;/figcaption&gt;
      &lt;/div&gt;
      
    &lt;/figure&gt;
  &lt;/a&gt;
&lt;/div&gt;

&lt;p&gt;So here we have some XML in a basic format we call the &lt;em&gt;records&lt;/em&gt; format. You can see the schema for &lt;em&gt;records&lt;/em&gt; in the &lt;code&gt;XML schemas&lt;/code&gt; folder.&lt;/p&gt;
&lt;h3 id=&#34;add-xslt-to-transform-records-format-xml-into-something-else&#34;&gt;Add XSLT to transform records format XML into something else&lt;/h3&gt;
&lt;h4 id=&#34;create-the-xslt-filter&#34;&gt;Create the XSLT filter&lt;/h4&gt;
&lt;p&gt;This process is very similar to creating the &lt;code&gt;CSV splitter&lt;/code&gt;:&lt;/p&gt;
&lt;ol&gt;
&lt;li&gt;Create the &lt;a href=&#34;../../docs/user-guide/pipelines/xslt/&#34;&gt;XSLT&lt;/a&gt; filter&lt;/li&gt;
&lt;li&gt;Add it to the pipeline&lt;/li&gt;
&lt;li&gt;Step through to make sure it&amp;rsquo;s doing what we expect&lt;/li&gt;
&lt;/ol&gt;
&lt;p&gt;Create the XSLT filter, calling it something like &lt;code&gt;XSLT&lt;/code&gt;:&lt;/p&gt;







  
  
  
  
  







  



&lt;div class=&#34;card rounded shadow-stroom p-2 td-post-card mb-4 mt-4&#34; style=&#34;width: fit-content;&#34;&gt;

  &lt;a title=&#34;images/quick-start-guide/process/create-xslt.png&#34; href=&#34;../../images/quick-start-guide/process/create-xslt.png&#34;&gt;
    &lt;figure style=&#34;margin-block-end: 0px&#34; &gt;
      
      &lt;img class=&#34;card-img-top&#34; src=&#34;../../images/quick-start-guide/process/create-xslt.png&#34; alt=&#34;images/quick-start-guide/process/create-xslt.png&#34;&gt;
      

      
      &lt;div class=&#34;card-body px-0 pt-2 pb-0&#34;&gt;
        &lt;hr style=&#34;border-top: 1px solid #ddd; margin-top: 0px; margin-bottom:4px;&#34;&gt;
        &lt;figcaption class=&#34;card-text&#34; style=&#34;font-size: smaller; text-align: center;&#34;&gt;Create the XSLT filter&lt;/figcaption&gt;
      &lt;/div&gt;
      
    &lt;/figure&gt;
  &lt;/a&gt;
&lt;/div&gt;

&lt;p&gt;On the new tab click on &lt;code&gt;XSLT&lt;/code&gt;. This is another big text field but this one accepts XSLT. This one will be very basic and just takes the split up data and puts it into fields. The XSLT for this is below but if you&amp;rsquo;d like to tinker then go ahead.&lt;/p&gt;
&lt;pre&gt;&lt;code class=&#34;language-xml&#34;&gt;&amp;lt;?xml version=&amp;quot;1.1&amp;quot; encoding=&amp;quot;UTF-8&amp;quot; ?&amp;gt;
&amp;lt;xsl:stylesheet xpath-default-namespace=&amp;quot;records:2&amp;quot; xmlns:stroom=&amp;quot;stroom&amp;quot; xmlns:xsl=&amp;quot;http://www.w3.org/1999/XSL/Transform&amp;quot; xmlns:xsi=&amp;quot;http://www.w3.org/2001/XMLSchema-instance&amp;quot; version=&amp;quot;2.0&amp;quot;&amp;gt;
  &amp;lt;xsl:template match=&amp;quot;records&amp;quot;&amp;gt;
    &amp;lt;Events&amp;gt;
      &amp;lt;xsl:apply-templates /&amp;gt;
    &amp;lt;/Events&amp;gt;
  &amp;lt;/xsl:template&amp;gt;
  &amp;lt;xsl:template match=&amp;quot;record&amp;quot;&amp;gt;
    &amp;lt;xsl:variable name=&amp;quot;id&amp;quot; select=&amp;quot;data[@name=&#39;id&#39;]/@value&amp;quot; /&amp;gt;
    &amp;lt;xsl:variable name=&amp;quot;guid&amp;quot; select=&amp;quot;data[@name=&#39;guid&#39;]/@value&amp;quot; /&amp;gt;
    &amp;lt;xsl:variable name=&amp;quot;from_ip&amp;quot; select=&amp;quot;data[@name=&#39;from_ip&#39;]/@value&amp;quot; /&amp;gt;
    &amp;lt;xsl:variable name=&amp;quot;to_ip&amp;quot; select=&amp;quot;data[@name=&#39;to_ip&#39;]/@value&amp;quot; /&amp;gt;
    &amp;lt;xsl:variable name=&amp;quot;application&amp;quot; select=&amp;quot;data[@name=&#39;application&#39;]/@value&amp;quot; /&amp;gt;

    &amp;lt;Event&amp;gt;
      &amp;lt;Id&amp;gt;&amp;lt;xsl:value-of select=&amp;quot;$id&amp;quot; /&amp;gt;&amp;lt;/Id&amp;gt;
      &amp;lt;Guid&amp;gt;&amp;lt;xsl:value-of select=&amp;quot;$guid&amp;quot; /&amp;gt;&amp;lt;/Guid&amp;gt;
      &amp;lt;FromIp&amp;gt;&amp;lt;xsl:value-of select=&amp;quot;$from_ip&amp;quot; /&amp;gt;&amp;lt;/FromIp&amp;gt;
      &amp;lt;ToIp&amp;gt;&amp;lt;xsl:value-of select=&amp;quot;$to_ip&amp;quot; /&amp;gt;&amp;lt;/ToIp&amp;gt;
      &amp;lt;Application&amp;gt;&amp;lt;xsl:value-of select=&amp;quot;$application&amp;quot; /&amp;gt;&amp;lt;/Application&amp;gt;
    &amp;lt;/Event&amp;gt;
  &amp;lt;/xsl:template&amp;gt;
&amp;lt;/xsl:stylesheet&amp;gt;
&lt;/code&gt;&lt;/pre&gt;
&lt;p&gt;Make sure you save it.&lt;/p&gt;
&lt;p&gt;Go back to the Structure section of the pipeline and add an &lt;em&gt;XSLTFilter&lt;/em&gt; element. Call it something like &lt;code&gt;XSLT filter&lt;/code&gt;.&lt;/p&gt;







  
  
  
  
  







  



&lt;div class=&#34;card rounded shadow-stroom p-2 td-post-card mb-4 mt-4&#34; style=&#34;width: fit-content;&#34;&gt;

  &lt;a title=&#34;images/quick-start-guide/process/add-xsltFilter.png&#34; href=&#34;../../images/quick-start-guide/process/add-xsltFilter.png&#34;&gt;
    &lt;figure style=&#34;margin-block-end: 0px&#34; &gt;
      
      &lt;img class=&#34;card-img-top&#34; src=&#34;../../images/quick-start-guide/process/add-xsltFilter.png&#34; alt=&#34;images/quick-start-guide/process/add-xsltFilter.png&#34;&gt;
      

      
      &lt;div class=&#34;card-body px-0 pt-2 pb-0&#34;&gt;
        &lt;hr style=&#34;border-top: 1px solid #ddd; margin-top: 0px; margin-bottom:4px;&#34;&gt;
        &lt;figcaption class=&#34;card-text&#34; style=&#34;font-size: smaller; text-align: center;&#34;&gt;Add the XSLT filter&lt;/figcaption&gt;
      &lt;/div&gt;
      
    &lt;/figure&gt;
  &lt;/a&gt;
&lt;/div&gt;

&lt;p&gt;Select the &lt;code&gt;XSLT filter&lt;/code&gt; and configure it to use the actual XSLT you just created by double-clicking &lt;code&gt;xslt&lt;/code&gt; in the properties:&lt;/p&gt;







  
  
  
  
  







  



&lt;div class=&#34;card rounded shadow-stroom p-2 td-post-card mb-4 mt-4&#34; style=&#34;width: fit-content;&#34;&gt;

  &lt;a title=&#34;images/quick-start-guide/process/configure-xslt.png&#34; href=&#34;../../images/quick-start-guide/process/configure-xslt.png&#34;&gt;
    &lt;figure style=&#34;margin-block-end: 0px&#34; &gt;
      
      &lt;img class=&#34;card-img-top&#34; src=&#34;../../images/quick-start-guide/process/configure-xslt.png&#34; alt=&#34;images/quick-start-guide/process/configure-xslt.png&#34;&gt;
      

      
      &lt;div class=&#34;card-body px-0 pt-2 pb-0&#34;&gt;
        &lt;hr style=&#34;border-top: 1px solid #ddd; margin-top: 0px; margin-bottom:4px;&#34;&gt;
        &lt;figcaption class=&#34;card-text&#34; style=&#34;font-size: smaller; text-align: center;&#34;&gt;Configuring the XSLT filter&lt;/figcaption&gt;
      &lt;/div&gt;
      
    &lt;/figure&gt;
  &lt;/a&gt;
&lt;/div&gt;

&lt;p&gt;In the dialog make sure the value is the &lt;code&gt;XSLT&lt;/code&gt; filter. Save the pipeline.&lt;/p&gt;
&lt;h4 id=&#34;test-the-xslt-filter&#34;&gt;Test the XSLT filter&lt;/h4&gt;
&lt;p&gt;We&amp;rsquo;re going to test this in the same way we tested the CSV splitter, by clicking the big blue button on the feed. Click the step forward button 







&lt;img class=&#34;stroom-icon&#34; src=&#34;../../images/stroom-ui/step-forward.svg&#34; width=&#34;16px&#34; title=&#34;Step Forward&#34; alt=&#34;step-forward.svg&#34;&gt;
 a few times to make sure it&amp;rsquo;s working then click on the XSLT element. This time you should see the XSLT filter there too, as well as the basic XML being transformed into more useful XML:&lt;/p&gt;







  
  
  
  
  







  



&lt;div class=&#34;card rounded shadow-stroom p-2 td-post-card mb-4 mt-4&#34; style=&#34;width: fit-content;&#34;&gt;

  &lt;a title=&#34;images/quick-start-guide/process/stepping-03.png&#34; href=&#34;../../images/quick-start-guide/process/stepping-03.png&#34;&gt;
    &lt;figure style=&#34;margin-block-end: 0px&#34; &gt;
      
      &lt;img class=&#34;card-img-top&#34; src=&#34;../../images/quick-start-guide/process/stepping-03.png&#34; alt=&#34;images/quick-start-guide/process/stepping-03.png&#34;&gt;
      

      
      &lt;div class=&#34;card-body px-0 pt-2 pb-0&#34;&gt;
        &lt;hr style=&#34;border-top: 1px solid #ddd; margin-top: 0px; margin-bottom:4px;&#34;&gt;
        &lt;figcaption class=&#34;card-text&#34; style=&#34;font-size: smaller; text-align: center;&#34;&gt;Debugging the XSLT filter&lt;/figcaption&gt;
      &lt;/div&gt;
      
    &lt;/figure&gt;
  &lt;/a&gt;
&lt;/div&gt;

&lt;p&gt;Fantastic! Data converted! Well done if you&amp;rsquo;ve got this far. Really, there are lots of steps and things that could go wrong and you&amp;rsquo;ve persevered. There&amp;rsquo;s a few more things to get this pipeline ready for doing this &lt;a href=&#34;../../docs/user-guide/jobs/&#34;&gt;task&lt;/a&gt; for real. We need to get this data to a destination.&lt;/p&gt;
&lt;h3 id=&#34;outputting-the-transformed-data&#34;&gt;Outputting the transformed data&lt;/h3&gt;
&lt;h4 id=&#34;create-the-xml-writer&#34;&gt;Create the XML writer&lt;/h4&gt;
&lt;p&gt;What&amp;rsquo;s an XML Writer and why do you need one? The XSLT filter doesn&amp;rsquo;t actually write XML but instead just passes XML events from one filter to another. In order to write XML out you need an XML writer. You don&amp;rsquo;t need to create one outside the pipeline (in the way you did with the &lt;code&gt;CSV splitter&lt;/code&gt; and the &lt;code&gt;XSLT&lt;/code&gt; filter). An XML writer is just added to the pipeline like this:&lt;/p&gt;







  
  
  
  
  







  



&lt;div class=&#34;card rounded shadow-stroom p-2 td-post-card mb-4 mt-4&#34; style=&#34;width: fit-content;&#34;&gt;

  &lt;a title=&#34;images/quick-start-guide/process/add-xmlWriter.png&#34; href=&#34;../../images/quick-start-guide/process/add-xmlWriter.png&#34;&gt;
    &lt;figure style=&#34;margin-block-end: 0px&#34; &gt;
      
      &lt;img class=&#34;card-img-top&#34; src=&#34;../../images/quick-start-guide/process/add-xmlWriter.png&#34; alt=&#34;images/quick-start-guide/process/add-xmlWriter.png&#34;&gt;
      

      
      &lt;div class=&#34;card-body px-0 pt-2 pb-0&#34;&gt;
        &lt;hr style=&#34;border-top: 1px solid #ddd; margin-top: 0px; margin-bottom:4px;&#34;&gt;
        &lt;figcaption class=&#34;card-text&#34; style=&#34;font-size: smaller; text-align: center;&#34;&gt;Addnig an XML Writer&lt;/figcaption&gt;
      &lt;/div&gt;
      
    &lt;/figure&gt;
  &lt;/a&gt;
&lt;/div&gt;

&lt;p&gt;That&amp;rsquo;s it, no other configuration necessary.&lt;/p&gt;
&lt;h4 id=&#34;create-the-destination&#34;&gt;Create the destination&lt;/h4&gt;
&lt;p&gt;We need to do something with the serialised XML. We&amp;rsquo;ll write it to a stream. To do this we create a stream appender:&lt;/p&gt;







  
  
  
  
  







  



&lt;div class=&#34;card rounded shadow-stroom p-2 td-post-card mb-4 mt-4&#34; style=&#34;width: fit-content;&#34;&gt;

  &lt;a title=&#34;images/quick-start-guide/process/add-streamAppender.png&#34; href=&#34;../../images/quick-start-guide/process/add-streamAppender.png&#34;&gt;
    &lt;figure style=&#34;margin-block-end: 0px&#34; &gt;
      
      &lt;img class=&#34;card-img-top&#34; src=&#34;../../images/quick-start-guide/process/add-streamAppender.png&#34; alt=&#34;images/quick-start-guide/process/add-streamAppender.png&#34;&gt;
      

      
      &lt;div class=&#34;card-body px-0 pt-2 pb-0&#34;&gt;
        &lt;hr style=&#34;border-top: 1px solid #ddd; margin-top: 0px; margin-bottom:4px;&#34;&gt;
        &lt;figcaption class=&#34;card-text&#34; style=&#34;font-size: smaller; text-align: center;&#34;&gt;Creating a stream appender&lt;/figcaption&gt;
      &lt;/div&gt;
      
    &lt;/figure&gt;
  &lt;/a&gt;
&lt;/div&gt;

&lt;p&gt;Unlike the &lt;code&gt;Source&lt;/code&gt; element this element needs to be configured. We need to configure two things: the &lt;em&gt;streamType&lt;/em&gt; and the &lt;em&gt;destination feed&lt;/em&gt;.&lt;/p&gt;
&lt;h5 id=&#34;setting-the-feed&#34;&gt;Setting the feed&lt;/h5&gt;
&lt;p&gt;We&amp;rsquo;ll send the output to the &lt;code&gt;CSV_FEED&lt;/code&gt; - all data associated with this feed will be in the same place. To do that we edit the &lt;code&gt;feed&lt;/code&gt; property and set it to &lt;code&gt;CSV_FEED&lt;/code&gt;:&lt;/p&gt;







  
  
  
  
  







  



&lt;div class=&#34;card rounded shadow-stroom p-2 td-post-card mb-4 mt-4&#34; style=&#34;width: fit-content;&#34;&gt;

  &lt;a title=&#34;images/quick-start-guide/process/configure-streamAppender-feed.png&#34; href=&#34;../../images/quick-start-guide/process/configure-streamAppender-feed.png&#34;&gt;
    &lt;figure style=&#34;margin-block-end: 0px&#34; &gt;
      
      &lt;img class=&#34;card-img-top&#34; src=&#34;../../images/quick-start-guide/process/configure-streamAppender-feed.png&#34; alt=&#34;images/quick-start-guide/process/configure-streamAppender-feed.png&#34;&gt;
      

      
      &lt;div class=&#34;card-body px-0 pt-2 pb-0&#34;&gt;
        &lt;hr style=&#34;border-top: 1px solid #ddd; margin-top: 0px; margin-bottom:4px;&#34;&gt;
        &lt;figcaption class=&#34;card-text&#34; style=&#34;font-size: smaller; text-align: center;&#34;&gt;Change the feed property&lt;/figcaption&gt;
      &lt;/div&gt;
      
    &lt;/figure&gt;
  &lt;/a&gt;
&lt;/div&gt;

&lt;p&gt;We also need to edit the &lt;code&gt;streamType&lt;/code&gt; property:We set the streamType to Events:&lt;/p&gt;







  
  
  
  
  







  



&lt;div class=&#34;card rounded shadow-stroom p-2 td-post-card mb-4 mt-4&#34; style=&#34;width: fit-content;&#34;&gt;

  &lt;a title=&#34;images/quick-start-guide/process/configure-streamAppender-streamType.png&#34; href=&#34;../../images/quick-start-guide/process/configure-streamAppender-streamType.png&#34;&gt;
    &lt;figure style=&#34;margin-block-end: 0px&#34; &gt;
      
      &lt;img class=&#34;card-img-top&#34; src=&#34;../../images/quick-start-guide/process/configure-streamAppender-streamType.png&#34; alt=&#34;images/quick-start-guide/process/configure-streamAppender-streamType.png&#34;&gt;
      

      
      &lt;div class=&#34;card-body px-0 pt-2 pb-0&#34;&gt;
        &lt;hr style=&#34;border-top: 1px solid #ddd; margin-top: 0px; margin-bottom:4px;&#34;&gt;
        &lt;figcaption class=&#34;card-text&#34; style=&#34;font-size: smaller; text-align: center;&#34;&gt;Change the streamType property&lt;/figcaption&gt;
      &lt;/div&gt;
      
    &lt;/figure&gt;
  &lt;/a&gt;
&lt;/div&gt;








  
  
  
  
  







  



&lt;div class=&#34;card rounded shadow-stroom p-2 td-post-card mb-4 mt-4&#34; style=&#34;width: fit-content;&#34;&gt;

  &lt;a title=&#34;images/quick-start-guide/process/configure-destination-streamType.png&#34; href=&#34;../../images/quick-start-guide/process/configure-destination-streamType.png&#34;&gt;
    &lt;figure style=&#34;margin-block-end: 0px&#34; &gt;
      
      &lt;img class=&#34;card-img-top&#34; src=&#34;../../images/quick-start-guide/process/configure-destination-streamType.png&#34; alt=&#34;images/quick-start-guide/process/configure-destination-streamType.png&#34;&gt;
      

      
      &lt;div class=&#34;card-body px-0 pt-2 pb-0&#34;&gt;
        &lt;hr style=&#34;border-top: 1px solid #ddd; margin-top: 0px; margin-bottom:4px;&#34;&gt;
        &lt;figcaption class=&#34;card-text&#34; style=&#34;font-size: smaller; text-align: center;&#34;&gt;Setting the streamType&lt;/figcaption&gt;
      &lt;/div&gt;
      
    &lt;/figure&gt;
  &lt;/a&gt;
&lt;/div&gt;

&lt;p&gt;That&amp;rsquo;s it! Our pipeline is configured!&lt;/p&gt;
&lt;h4 id=&#34;test-the-destination&#34;&gt;Test the destination&lt;/h4&gt;
&lt;p&gt;We can test the XML writer and the streamAppender using the same stepping feature. Make sure you&amp;rsquo;ve saved the pipeline and set a &lt;strong&gt;new&lt;/strong&gt; stepping session running. If you click on the &lt;code&gt;stream appender&lt;/code&gt; you&amp;rsquo;ll see something like this:&lt;/p&gt;







  
  
  
  
  







  



&lt;div class=&#34;card rounded shadow-stroom p-2 td-post-card mb-4 mt-4&#34; style=&#34;width: fit-content;&#34;&gt;

  &lt;a title=&#34;images/quick-start-guide/process/stepping-05.png&#34; href=&#34;../../images/quick-start-guide/process/stepping-05.png&#34;&gt;
    &lt;figure style=&#34;margin-block-end: 0px&#34; &gt;
      
      &lt;img class=&#34;card-img-top&#34; src=&#34;../../images/quick-start-guide/process/stepping-05.png&#34; alt=&#34;images/quick-start-guide/process/stepping-05.png&#34;&gt;
      

      
      &lt;div class=&#34;card-body px-0 pt-2 pb-0&#34;&gt;
        &lt;hr style=&#34;border-top: 1px solid #ddd; margin-top: 0px; margin-bottom:4px;&#34;&gt;
        &lt;figcaption class=&#34;card-text&#34; style=&#34;font-size: smaller; text-align: center;&#34;&gt;The final output from the pipeline&lt;/figcaption&gt;
      &lt;/div&gt;
      
    &lt;/figure&gt;
  &lt;/a&gt;
&lt;/div&gt;

&lt;h2 id=&#34;set-the-pipeline-running&#34;&gt;Set the pipeline running&lt;/h2&gt;
&lt;p&gt;Obviously you don&amp;rsquo;t want to step through your data one by one. This all needs automation, and this is what Processors are for. The processor works in the background to take any unprocessed data from a feed and put it through a pipeline. So far everything on our EXAMPLE_IN feed is unprocessed.&lt;/p&gt;
&lt;h3 id=&#34;create-a-processor&#34;&gt;Create a processor&lt;/h3&gt;
&lt;p&gt;Processors are created from the &lt;em&gt;Processors&lt;/em&gt; section of the pipeline:&lt;/p&gt;







  
  
  
  
  







  



&lt;div class=&#34;card rounded shadow-stroom p-2 td-post-card mb-4 mt-4&#34; style=&#34;width: fit-content;&#34;&gt;

  &lt;a title=&#34;images/quick-start-guide/process/go-processors.png&#34; href=&#34;../../images/quick-start-guide/process/go-processors.png&#34;&gt;
    &lt;figure style=&#34;margin-block-end: 0px&#34; &gt;
      
      &lt;img class=&#34;card-img-top&#34; src=&#34;../../images/quick-start-guide/process/go-processors.png&#34; alt=&#34;images/quick-start-guide/process/go-processors.png&#34;&gt;
      

      
      &lt;div class=&#34;card-body px-0 pt-2 pb-0&#34;&gt;
        &lt;hr style=&#34;border-top: 1px solid #ddd; margin-top: 0px; margin-bottom:4px;&#34;&gt;
        &lt;figcaption class=&#34;card-text&#34; style=&#34;font-size: smaller; text-align: center;&#34;&gt;The processors section of the pipeline&lt;/figcaption&gt;
      &lt;/div&gt;
      
    &lt;/figure&gt;
  &lt;/a&gt;
&lt;/div&gt;

&lt;p&gt;Click the add button 







&lt;img class=&#34;stroom-icon&#34; src=&#34;../../images/stroom-ui/add.svg&#34; width=&#34;16px&#34; title=&#34;Add&#34; alt=&#34;add.svg&#34;&gt;
 and configure the huge dialog. You only need to set the incoming feed and the stream types:&lt;/p&gt;







  
  
  
  
  







  



&lt;div class=&#34;card rounded shadow-stroom p-2 td-post-card mb-4 mt-4&#34; style=&#34;width: fit-content;&#34;&gt;

  &lt;a title=&#34;images/quick-start-guide/process/configure-processor.png&#34; href=&#34;../../images/quick-start-guide/process/configure-processor.png&#34;&gt;
    &lt;figure style=&#34;margin-block-end: 0px&#34; &gt;
      
      &lt;img class=&#34;card-img-top&#34; src=&#34;../../images/quick-start-guide/process/configure-processor.png&#34; alt=&#34;images/quick-start-guide/process/configure-processor.png&#34;&gt;
      

      
      &lt;div class=&#34;card-body px-0 pt-2 pb-0&#34;&gt;
        &lt;hr style=&#34;border-top: 1px solid #ddd; margin-top: 0px; margin-bottom:4px;&#34;&gt;
        &lt;figcaption class=&#34;card-text&#34; style=&#34;font-size: smaller; text-align: center;&#34;&gt;Configure the new processor&lt;/figcaption&gt;
      &lt;/div&gt;
      
    &lt;/figure&gt;
  &lt;/a&gt;
&lt;/div&gt;

&lt;p&gt;Now you&amp;rsquo;ll see a very wide table looking something like this:&lt;/p&gt;







  
  
  
  
  







  



&lt;div class=&#34;card rounded shadow-stroom p-2 td-post-card mb-4 mt-4&#34; style=&#34;width: fit-content;&#34;&gt;

  &lt;a title=&#34;images/quick-start-guide/process/show-processors.png&#34; href=&#34;../../images/quick-start-guide/process/show-processors.png&#34;&gt;
    &lt;figure style=&#34;margin-block-end: 0px&#34; &gt;
      
      &lt;img class=&#34;card-img-top&#34; src=&#34;../../images/quick-start-guide/process/show-processors.png&#34; alt=&#34;images/quick-start-guide/process/show-processors.png&#34;&gt;
      

      
      &lt;div class=&#34;card-body px-0 pt-2 pb-0&#34;&gt;
        &lt;hr style=&#34;border-top: 1px solid #ddd; margin-top: 0px; margin-bottom:4px;&#34;&gt;
        &lt;figcaption class=&#34;card-text&#34; style=&#34;font-size: smaller; text-align: center;&#34;&gt;The new processor&lt;/figcaption&gt;
      &lt;/div&gt;
      
    &lt;/figure&gt;
  &lt;/a&gt;
&lt;/div&gt;

&lt;p&gt;This shows two things:&lt;/p&gt;
&lt;ul&gt;
&lt;li&gt;The processor for the pipeline&lt;/li&gt;
&lt;li&gt;The filter that determines what data is passed to the processor&lt;/li&gt;
&lt;/ul&gt;
&lt;p&gt;If you scroll all the way over to the right you&amp;rsquo;ll see the &lt;em&gt;Enabled&lt;/em&gt; checkbox:&lt;/p&gt;







  
  
  
  
  







  



&lt;div class=&#34;card rounded shadow-stroom p-2 td-post-card mb-4 mt-4&#34; style=&#34;width: fit-content;&#34;&gt;

  &lt;a title=&#34;images/quick-start-guide/process/show-processors-enabled.png&#34; href=&#34;../../images/quick-start-guide/process/show-processors-enabled.png&#34;&gt;
    &lt;figure style=&#34;margin-block-end: 0px&#34; &gt;
      
      &lt;img class=&#34;card-img-top&#34; src=&#34;../../images/quick-start-guide/process/show-processors-enabled.png&#34; alt=&#34;images/quick-start-guide/process/show-processors-enabled.png&#34;&gt;
      

      
      &lt;div class=&#34;card-body px-0 pt-2 pb-0&#34;&gt;
        &lt;hr style=&#34;border-top: 1px solid #ddd; margin-top: 0px; margin-bottom:4px;&#34;&gt;
        &lt;figcaption class=&#34;card-text&#34; style=&#34;font-size: smaller; text-align: center;&#34;&gt;The enabled checkbox&lt;/figcaption&gt;
      &lt;/div&gt;
      
    &lt;/figure&gt;
  &lt;/a&gt;
&lt;/div&gt;

&lt;p&gt;Check &lt;em&gt;enabled&lt;/em&gt; for the processor and the filter you&amp;rsquo;ve just created. This is it, everything we&amp;rsquo;ve done is about to start working on its own, just like it would in a real configuration.&lt;/p&gt;
&lt;p&gt;If you keep refreshing this table it will show you the processing status which should change after a few seconds to show that the data you have uploaded is being or has been processed. Once this has happened you should be able to open the destination feed and see the output data (or errors if there were any).&lt;/p&gt;







  
  
  
  
  







  



&lt;div class=&#34;card rounded shadow-stroom p-2 td-post-card mb-4 mt-4&#34; style=&#34;width: fit-content;&#34;&gt;

  &lt;a title=&#34;images/quick-start-guide/process/show-output.png&#34; href=&#34;../../images/quick-start-guide/process/show-output.png&#34;&gt;
    &lt;figure style=&#34;margin-block-end: 0px&#34; &gt;
      
      &lt;img class=&#34;card-img-top&#34; src=&#34;../../images/quick-start-guide/process/show-output.png&#34; alt=&#34;images/quick-start-guide/process/show-output.png&#34;&gt;
      

      
      &lt;div class=&#34;card-body px-0 pt-2 pb-0&#34;&gt;
        &lt;hr style=&#34;border-top: 1px solid #ddd; margin-top: 0px; margin-bottom:4px;&#34;&gt;
        &lt;figcaption class=&#34;card-text&#34; style=&#34;font-size: smaller; text-align: center;&#34;&gt;The output of the pipeline&lt;/figcaption&gt;
      &lt;/div&gt;
      
    &lt;/figure&gt;
  &lt;/a&gt;
&lt;/div&gt;

&lt;p&gt;You can see that there are the &lt;code&gt;Raw Events&lt;/code&gt; and the processed &lt;code&gt;Events&lt;/code&gt;. If you click on the &lt;code&gt;Events&lt;/code&gt; then you can see all the XML that we&amp;rsquo;ve produced.&lt;/p&gt;
&lt;h4 id=&#34;troubleshooting&#34;&gt;Troubleshooting&lt;/h4&gt;
&lt;p&gt;If nothing happens you might need to enable stream processing. This was explained &lt;a href=&#34;../../docs/quick-start-guide/running/#enable-processing-of-data-streams&#34;&gt;earlier&lt;/a&gt;.&lt;/p&gt;
&lt;p&gt;Now you&amp;rsquo;ve processed your data you can go ahead and &lt;a href=&#34;../../docs/quick-start-guide/indexing/&#34;&gt;index&lt;/a&gt; it.&lt;/p&gt;

      </description>
    </item>
    
    <item>
      <title>Docs: Pipelines</title>
      <link>/docs/user-guide/pipelines/</link>
      <pubDate>Tue, 27 Jul 2021 00:00:00 +0000</pubDate>
      
      <guid>/docs/user-guide/pipelines/</guid>
      <description>
        
        
        &lt;h1 id=&#34;pipelines&#34;&gt;Pipelines&lt;/h1&gt;
&lt;p&gt;Every feed has an associated translation. The translation is used to convert the input text or XML into event logging XML format.&lt;/p&gt;
&lt;p&gt;XSLT is used to translate from XML to event logging XML.&lt;/p&gt;

      </description>
    </item>
    
  </channel>
</rss>
