<rss version="2.0" xmlns:atom="http://www.w3.org/2005/Atom">
  <channel>
    <title>Stroom – user</title>
    <link>/tags/user/</link>
    <description>Recent content in user on Stroom</description>
    <generator>Hugo -- gohugo.io</generator>
    <lastBuildDate>Fri, 09 Jul 2021 00:00:00 +0000</lastBuildDate>
    
	  <atom:link href="/tags/user/index.xml" rel="self" type="application/rss+xml" />
    
    
      
        
      
    
    
    <item>
      <title>Docs: Create a user</title>
      <link>/docs/howtos/authentication/createuserhowto/</link>
      <pubDate>Fri, 09 Jul 2021 00:00:00 +0000</pubDate>
      
      <guid>/docs/howtos/authentication/createuserhowto/</guid>
      <description>
        
        
        &lt;h2 id=&#34;assumptions&#34;&gt;Assumptions&lt;/h2&gt;
&lt;p&gt;The following assumptions are used in this document.&lt;/p&gt;
&lt;ul&gt;
&lt;li&gt;An account with the &lt;code&gt;Administrator&lt;/code&gt; Application &lt;a href=&#34;../../docs/user-guide/roles/&#34;&gt;Permission&lt;/a&gt; is currently logged in.&lt;/li&gt;
&lt;li&gt;We will be adding the user &lt;code&gt;burn&lt;/code&gt;&lt;/li&gt;
&lt;li&gt;We will make this user an &lt;code&gt;Administrator&lt;/code&gt;&lt;/li&gt;
&lt;/ul&gt;
&lt;h2 id=&#34;add-a-new-user&#34;&gt;Add a new user&lt;/h2&gt;
&lt;p&gt;To add a new user, move your cursor to the &lt;code&gt;Tools&lt;/code&gt; item of the &lt;strong&gt;Main Menu&lt;/strong&gt; and select to bring up the &lt;code&gt;Tools&lt;/code&gt; sub-menu.&lt;/p&gt;







  
  
  
  
  







  



&lt;div class=&#34;card rounded shadow-stroom p-2 td-post-card mb-4 mt-4&#34; style=&#34;width: fit-content;&#34;&gt;

  &lt;a title=&#34;images/HOWTOs/UI-ToolsSubmenu-00.png&#34; href=&#34;../../images/HOWTOs/UI-ToolsSubmenu-00.png&#34;&gt;
    &lt;figure style=&#34;margin-block-end: 0px&#34; &gt;
      
      &lt;img class=&#34;card-img-top&#34; src=&#34;../../images/HOWTOs/UI-ToolsSubmenu-00.png&#34; alt=&#34;images/HOWTOs/UI-ToolsSubmenu-00.png&#34;&gt;
      

      
      &lt;div class=&#34;card-body px-0 pt-2 pb-0&#34;&gt;
        &lt;hr style=&#34;border-top: 1px solid #ddd; margin-top: 0px; margin-bottom:4px;&#34;&gt;
        &lt;figcaption class=&#34;card-text&#34; style=&#34;font-size: smaller; text-align: center;&#34;&gt;Stroom UI Tools sub-menu&lt;/figcaption&gt;
      &lt;/div&gt;
      
    &lt;/figure&gt;
  &lt;/a&gt;
&lt;/div&gt;

&lt;p&gt;then move down and select the &lt;code&gt;Users and Groups&lt;/code&gt; sub-item to be presented with the &lt;code&gt;Users and Groups&lt;/code&gt; configuration window as seen below.&lt;/p&gt;







  
  
  
  
  







  



&lt;div class=&#34;card rounded shadow-stroom p-2 td-post-card mb-4 mt-4&#34; style=&#34;width: fit-content;&#34;&gt;

  &lt;a title=&#34;images/HOWTOs/UI-AddUser-00.png&#34; href=&#34;../../images/HOWTOs/UI-AddUser-00.png&#34;&gt;
    &lt;figure style=&#34;margin-block-end: 0px&#34; &gt;
      
      &lt;img class=&#34;card-img-top&#34; src=&#34;../../images/HOWTOs/UI-AddUser-00.png&#34; alt=&#34;images/HOWTOs/UI-AddUser-00.png&#34;&gt;
      

      
      &lt;div class=&#34;card-body px-0 pt-2 pb-0&#34;&gt;
        &lt;hr style=&#34;border-top: 1px solid #ddd; margin-top: 0px; margin-bottom:4px;&#34;&gt;
        &lt;figcaption class=&#34;card-text&#34; style=&#34;font-size: smaller; text-align: center;&#34;&gt;Stroom UI New User - Users and Groups configuration&lt;/figcaption&gt;
      &lt;/div&gt;
      
    &lt;/figure&gt;
  &lt;/a&gt;
&lt;/div&gt;

&lt;p&gt;To add the user, move the cursor to the &lt;em&gt;New&lt;/em&gt; icon 







&lt;img class=&#34;stroom-icon&#34; src=&#34;../../images/stroom-ui/add.svg&#34; width=&#34;16px&#34; title=&#34;Add&#34; alt=&#34;add.svg&#34;&gt;
 in the top left and
select it. On selection you will be prompted for a user name. In our case we will enter the user &lt;code&gt;burn&lt;/code&gt;.&lt;/p&gt;







  
  
  
  
  







  



&lt;div class=&#34;card rounded shadow-stroom p-2 td-post-card mb-4 mt-4&#34; style=&#34;width: fit-content;&#34;&gt;

  &lt;a title=&#34;images/HOWTOs/UI-AddUser-01.png&#34; href=&#34;../../images/HOWTOs/UI-AddUser-01.png&#34;&gt;
    &lt;figure style=&#34;margin-block-end: 0px&#34; &gt;
      
      &lt;img class=&#34;card-img-top&#34; src=&#34;../../images/HOWTOs/UI-AddUser-01.png&#34; alt=&#34;images/HOWTOs/UI-AddUser-01.png&#34;&gt;
      

      
      &lt;div class=&#34;card-body px-0 pt-2 pb-0&#34;&gt;
        &lt;hr style=&#34;border-top: 1px solid #ddd; margin-top: 0px; margin-bottom:4px;&#34;&gt;
        &lt;figcaption class=&#34;card-text&#34; style=&#34;font-size: smaller; text-align: center;&#34;&gt;Stroom UI New User - Add User&lt;/figcaption&gt;
      &lt;/div&gt;
      
    &lt;/figure&gt;
  &lt;/a&gt;
&lt;/div&gt;

&lt;p&gt;and on pressing







  
  
  
  
  







  



&lt;div class=&#34;card rounded shadow-stroom p-2 td-post-card mb-4 mt-4&#34; style=&#34;width: fit-content;&#34;&gt;

  &lt;a title=&#34;images/HOWTOs/icons/buttonOk.png&#34; href=&#34;../../images/HOWTOs/icons/buttonOk.png&#34;&gt;
    &lt;figure style=&#34;margin-block-end: 0px&#34; &gt;
      
      &lt;img class=&#34;card-img-top&#34; src=&#34;../../images/HOWTOs/icons/buttonOk.png&#34; alt=&#34;images/HOWTOs/icons/buttonOk.png&#34;&gt;
      

      
      &lt;div class=&#34;card-body px-0 pt-2 pb-0&#34;&gt;
        &lt;hr style=&#34;border-top: 1px solid #ddd; margin-top: 0px; margin-bottom:4px;&#34;&gt;
        &lt;figcaption class=&#34;card-text&#34; style=&#34;font-size: smaller; text-align: center;&#34;&gt;Stroom UI OkButton&lt;/figcaption&gt;
      &lt;/div&gt;
      
    &lt;/figure&gt;
  &lt;/a&gt;
&lt;/div&gt;

will be presented with the User configuration window.&lt;/p&gt;







  
  
  
  
  







  



&lt;div class=&#34;card rounded shadow-stroom p-2 td-post-card mb-4 mt-4&#34; style=&#34;width: fit-content;&#34;&gt;

  &lt;a title=&#34;images/HOWTOs/UI-AddUser-02.png&#34; href=&#34;../../images/HOWTOs/UI-AddUser-02.png&#34;&gt;
    &lt;figure style=&#34;margin-block-end: 0px&#34; &gt;
      
      &lt;img class=&#34;card-img-top&#34; src=&#34;../../images/HOWTOs/UI-AddUser-02.png&#34; alt=&#34;images/HOWTOs/UI-AddUser-02.png&#34;&gt;
      

      
      &lt;div class=&#34;card-body px-0 pt-2 pb-0&#34;&gt;
        &lt;hr style=&#34;border-top: 1px solid #ddd; margin-top: 0px; margin-bottom:4px;&#34;&gt;
        &lt;figcaption class=&#34;card-text&#34; style=&#34;font-size: smaller; text-align: center;&#34;&gt;Stroom UI New User - User configuration&lt;/figcaption&gt;
      &lt;/div&gt;
      
    &lt;/figure&gt;
  &lt;/a&gt;
&lt;/div&gt;

&lt;h3 id=&#34;set-the-user-application-permissions&#34;&gt;Set the User Application Permissions&lt;/h3&gt;
&lt;p&gt;See
&lt;a href=&#34;../../../user-guide/roles&#34; title=&#34;Stroom Application Permissions&#34;&gt;Permissions&lt;/a&gt;
for an explanation of the various Application Permissions a user can have.&lt;/p&gt;
&lt;h4 id=&#34;assign-an-administrator-permission&#34;&gt;Assign an Administrator Permission&lt;/h4&gt;
&lt;p&gt;As we want the user to be an administrator, select the &lt;strong&gt;Administrator&lt;/strong&gt; Permission check-box&lt;/p&gt;







  
  
  
  
  







  



&lt;div class=&#34;card rounded shadow-stroom p-2 td-post-card mb-4 mt-4&#34; style=&#34;width: fit-content;&#34;&gt;

  &lt;a title=&#34;images/HOWTOs/UI-AddUser-03.png&#34; href=&#34;../../images/HOWTOs/UI-AddUser-03.png&#34;&gt;
    &lt;figure style=&#34;margin-block-end: 0px&#34; &gt;
      
      &lt;img class=&#34;card-img-top&#34; src=&#34;../../images/HOWTOs/UI-AddUser-03.png&#34; alt=&#34;images/HOWTOs/UI-AddUser-03.png&#34;&gt;
      

      
      &lt;div class=&#34;card-body px-0 pt-2 pb-0&#34;&gt;
        &lt;hr style=&#34;border-top: 1px solid #ddd; margin-top: 0px; margin-bottom:4px;&#34;&gt;
        &lt;figcaption class=&#34;card-text&#34; style=&#34;font-size: smaller; text-align: center;&#34;&gt;Stroom UI New User - User configuration - set administrator permission&lt;/figcaption&gt;
      &lt;/div&gt;
      
    &lt;/figure&gt;
  &lt;/a&gt;
&lt;/div&gt;

&lt;h4 id=&#34;set-users-password&#34;&gt;Set User&amp;rsquo;s Password&lt;/h4&gt;
&lt;p&gt;We need to set &lt;code&gt;burn&#39;s&lt;/code&gt; password (which he will need to reset on first login). So, select the







  
  
  
  
  







  



&lt;div class=&#34;card rounded shadow-stroom p-2 td-post-card mb-4 mt-4&#34; style=&#34;width: fit-content;&#34;&gt;

  &lt;a title=&#34;images/HOWTOs/icons/buttonResetPassword.png&#34; href=&#34;../../images/HOWTOs/icons/buttonResetPassword.png&#34;&gt;
    &lt;figure style=&#34;margin-block-end: 0px&#34; &gt;
      
      &lt;img class=&#34;card-img-top&#34; src=&#34;../../images/HOWTOs/icons/buttonResetPassword.png&#34; alt=&#34;images/HOWTOs/icons/buttonResetPassword.png&#34;&gt;
      

      
      &lt;div class=&#34;card-body px-0 pt-2 pb-0&#34;&gt;
        &lt;hr style=&#34;border-top: 1px solid #ddd; margin-top: 0px; margin-bottom:4px;&#34;&gt;
        &lt;figcaption class=&#34;card-text&#34; style=&#34;font-size: smaller; text-align: center;&#34;&gt;Stroom UI ResetPasswordButton&lt;/figcaption&gt;
      &lt;/div&gt;
      
    &lt;/figure&gt;
  &lt;/a&gt;
&lt;/div&gt;

button to gain the Reset Password window&lt;/p&gt;







  
  
  
  
  







  



&lt;div class=&#34;card rounded shadow-stroom p-2 td-post-card mb-4 mt-4&#34; style=&#34;width: fit-content;&#34;&gt;

  &lt;a title=&#34;images/HOWTOs/UI-AddUser-04.png&#34; href=&#34;../../images/HOWTOs/UI-AddUser-04.png&#34;&gt;
    &lt;figure style=&#34;margin-block-end: 0px&#34; &gt;
      
      &lt;img class=&#34;card-img-top&#34; src=&#34;../../images/HOWTOs/UI-AddUser-04.png&#34; alt=&#34;images/HOWTOs/UI-AddUser-04.png&#34;&gt;
      

      
      &lt;div class=&#34;card-body px-0 pt-2 pb-0&#34;&gt;
        &lt;hr style=&#34;border-top: 1px solid #ddd; margin-top: 0px; margin-bottom:4px;&#34;&gt;
        &lt;figcaption class=&#34;card-text&#34; style=&#34;font-size: smaller; text-align: center;&#34;&gt;Stroom UI New User - User configuration - reset password&lt;/figcaption&gt;
      &lt;/div&gt;
      
    &lt;/figure&gt;
  &lt;/a&gt;
&lt;/div&gt;

&lt;p&gt;After setting a password and pressing the







  
  
  
  
  







  



&lt;div class=&#34;card rounded shadow-stroom p-2 td-post-card mb-4 mt-4&#34; style=&#34;width: fit-content;&#34;&gt;

  &lt;a title=&#34;images/HOWTOs/icons/buttonOk.png&#34; href=&#34;../../images/HOWTOs/icons/buttonOk.png&#34;&gt;
    &lt;figure style=&#34;margin-block-end: 0px&#34; &gt;
      
      &lt;img class=&#34;card-img-top&#34; src=&#34;../../images/HOWTOs/icons/buttonOk.png&#34; alt=&#34;images/HOWTOs/icons/buttonOk.png&#34;&gt;
      

      
      &lt;div class=&#34;card-body px-0 pt-2 pb-0&#34;&gt;
        &lt;hr style=&#34;border-top: 1px solid #ddd; margin-top: 0px; margin-bottom:4px;&#34;&gt;
        &lt;figcaption class=&#34;card-text&#34; style=&#34;font-size: smaller; text-align: center;&#34;&gt;Stroom UI OkButton&lt;/figcaption&gt;
      &lt;/div&gt;
      
    &lt;/figure&gt;
  &lt;/a&gt;
&lt;/div&gt;

button we get the informational Alert window as per&lt;/p&gt;







  
  
  
  
  







  



&lt;div class=&#34;card rounded shadow-stroom p-2 td-post-card mb-4 mt-4&#34; style=&#34;width: fit-content;&#34;&gt;

  &lt;a title=&#34;images/HOWTOs/UI-AddUser-05.png&#34; href=&#34;../../images/HOWTOs/UI-AddUser-05.png&#34;&gt;
    &lt;figure style=&#34;margin-block-end: 0px&#34; &gt;
      
      &lt;img class=&#34;card-img-top&#34; src=&#34;../../images/HOWTOs/UI-AddUser-05.png&#34; alt=&#34;images/HOWTOs/UI-AddUser-05.png&#34;&gt;
      

      
      &lt;div class=&#34;card-body px-0 pt-2 pb-0&#34;&gt;
        &lt;hr style=&#34;border-top: 1px solid #ddd; margin-top: 0px; margin-bottom:4px;&#34;&gt;
        &lt;figcaption class=&#34;card-text&#34; style=&#34;font-size: smaller; text-align: center;&#34;&gt;Stroom UI New User - User configuration - reset password complete&lt;/figcaption&gt;
      &lt;/div&gt;
      
    &lt;/figure&gt;
  &lt;/a&gt;
&lt;/div&gt;

&lt;p&gt;and on close of the Alert we are presented again with the &lt;code&gt;User&lt;/code&gt; configuration window.&lt;/p&gt;







  
  
  
  
  







  



&lt;div class=&#34;card rounded shadow-stroom p-2 td-post-card mb-4 mt-4&#34; style=&#34;width: fit-content;&#34;&gt;

  &lt;a title=&#34;images/HOWTOs/UI-AddUser-06.png&#34; href=&#34;../../images/HOWTOs/UI-AddUser-06.png&#34;&gt;
    &lt;figure style=&#34;margin-block-end: 0px&#34; &gt;
      
      &lt;img class=&#34;card-img-top&#34; src=&#34;../../images/HOWTOs/UI-AddUser-06.png&#34; alt=&#34;images/HOWTOs/UI-AddUser-06.png&#34;&gt;
      

      
      &lt;div class=&#34;card-body px-0 pt-2 pb-0&#34;&gt;
        &lt;hr style=&#34;border-top: 1px solid #ddd; margin-top: 0px; margin-bottom:4px;&#34;&gt;
        &lt;figcaption class=&#34;card-text&#34; style=&#34;font-size: smaller; text-align: center;&#34;&gt;Stroom UI New User - User configuration - user added&lt;/figcaption&gt;
      &lt;/div&gt;
      
    &lt;/figure&gt;
  &lt;/a&gt;
&lt;/div&gt;

&lt;p&gt;We should close this window by pressing the







  
  
  
  
  







  



&lt;div class=&#34;card rounded shadow-stroom p-2 td-post-card mb-4 mt-4&#34; style=&#34;width: fit-content;&#34;&gt;

  &lt;a title=&#34;images/HOWTOs/icons/buttonClose.png&#34; href=&#34;../../images/HOWTOs/icons/buttonClose.png&#34;&gt;
    &lt;figure style=&#34;margin-block-end: 0px&#34; &gt;
      
      &lt;img class=&#34;card-img-top&#34; src=&#34;../../images/HOWTOs/icons/buttonClose.png&#34; alt=&#34;images/HOWTOs/icons/buttonClose.png&#34;&gt;
      

      
      &lt;div class=&#34;card-body px-0 pt-2 pb-0&#34;&gt;
        &lt;hr style=&#34;border-top: 1px solid #ddd; margin-top: 0px; margin-bottom:4px;&#34;&gt;
        &lt;figcaption class=&#34;card-text&#34; style=&#34;font-size: smaller; text-align: center;&#34;&gt;Stroom UI CloseButton&lt;/figcaption&gt;
      &lt;/div&gt;
      
    &lt;/figure&gt;
  &lt;/a&gt;
&lt;/div&gt;
 button to be presented with the &lt;code&gt;Users and Groups&lt;/code&gt; window with the new user &lt;code&gt;burn&lt;/code&gt; added.&lt;/p&gt;







  
  
  
  
  







  



&lt;div class=&#34;card rounded shadow-stroom p-2 td-post-card mb-4 mt-4&#34; style=&#34;width: fit-content;&#34;&gt;

  &lt;a title=&#34;images/HOWTOs/UI-AddUser-07.png&#34; href=&#34;../../images/HOWTOs/UI-AddUser-07.png&#34;&gt;
    &lt;figure style=&#34;margin-block-end: 0px&#34; &gt;
      
      &lt;img class=&#34;card-img-top&#34; src=&#34;../../images/HOWTOs/UI-AddUser-07.png&#34; alt=&#34;images/HOWTOs/UI-AddUser-07.png&#34;&gt;
      

      
      &lt;div class=&#34;card-body px-0 pt-2 pb-0&#34;&gt;
        &lt;hr style=&#34;border-top: 1px solid #ddd; margin-top: 0px; margin-bottom:4px;&#34;&gt;
        &lt;figcaption class=&#34;card-text&#34; style=&#34;font-size: smaller; text-align: center;&#34;&gt;Stroom UI New User - User configuration - show user added&lt;/figcaption&gt;
      &lt;/div&gt;
      
    &lt;/figure&gt;
  &lt;/a&gt;
&lt;/div&gt;

&lt;p&gt;At this, one can close the &lt;code&gt;Users and Groups&lt;/code&gt; configuration window by pressing the







  
  
  
  
  







  



&lt;div class=&#34;card rounded shadow-stroom p-2 td-post-card mb-4 mt-4&#34; style=&#34;width: fit-content;&#34;&gt;

  &lt;a title=&#34;images/HOWTOs/icons/buttonClose.png&#34; href=&#34;../../images/HOWTOs/icons/buttonClose.png&#34;&gt;
    &lt;figure style=&#34;margin-block-end: 0px&#34; &gt;
      
      &lt;img class=&#34;card-img-top&#34; src=&#34;../../images/HOWTOs/icons/buttonClose.png&#34; alt=&#34;images/HOWTOs/icons/buttonClose.png&#34;&gt;
      

      
      &lt;div class=&#34;card-body px-0 pt-2 pb-0&#34;&gt;
        &lt;hr style=&#34;border-top: 1px solid #ddd; margin-top: 0px; margin-bottom:4px;&#34;&gt;
        &lt;figcaption class=&#34;card-text&#34; style=&#34;font-size: smaller; text-align: center;&#34;&gt;Stroom UI CloseButton&lt;/figcaption&gt;
      &lt;/div&gt;
      
    &lt;/figure&gt;
  &lt;/a&gt;
&lt;/div&gt;

button at the bottom right of the window.&lt;/p&gt;

      </description>
    </item>
    
  </channel>
</rss>
