<rss version="2.0" xmlns:atom="http://www.w3.org/2005/Atom">
  <channel>
    <title>Stroom – dashboard</title>
    <link>/tags/dashboard/</link>
    <description>Recent content in dashboard on Stroom</description>
    <generator>Hugo -- gohugo.io</generator>
    <lastBuildDate>Tue, 27 Jul 2021 00:00:00 +0000</lastBuildDate>
    
	  <atom:link href="/tags/dashboard/index.xml" rel="self" type="application/rss+xml" />
    
    
      
        
      
    
    
    <item>
      <title>Docs: Dashboards</title>
      <link>/docs/quick-start-guide/dashboard/</link>
      <pubDate>Fri, 09 Jul 2021 00:00:00 +0000</pubDate>
      
      <guid>/docs/quick-start-guide/dashboard/</guid>
      <description>
        
        
        &lt;p&gt;Create a new dashboard the same way you create anything else&lt;/p&gt;







  
  
  
  
  







  



&lt;div class=&#34;card rounded shadow-stroom p-2 td-post-card mb-4 mt-4&#34; style=&#34;width: fit-content;&#34;&gt;

  &lt;a title=&#34;images/quick-start-guide/dashboard/001_dashboard_new.png&#34; href=&#34;../../images/quick-start-guide/dashboard/001_dashboard_new.png&#34;&gt;
    &lt;figure style=&#34;margin-block-end: 0px&#34; &gt;
      
      &lt;img class=&#34;card-img-top&#34; src=&#34;../../images/quick-start-guide/dashboard/001_dashboard_new.png&#34; alt=&#34;images/quick-start-guide/dashboard/001_dashboard_new.png&#34;&gt;
      

      
      &lt;div class=&#34;card-body px-0 pt-2 pb-0&#34;&gt;
        &lt;hr style=&#34;border-top: 1px solid #ddd; margin-top: 0px; margin-bottom:4px;&#34;&gt;
        &lt;figcaption class=&#34;card-text&#34; style=&#34;font-size: smaller; text-align: center;&#34;&gt;New dashboard&lt;/figcaption&gt;
      &lt;/div&gt;
      
    &lt;/figure&gt;
  &lt;/a&gt;
&lt;/div&gt;

&lt;p&gt;On the query pane click the settings 







&lt;img class=&#34;stroom-icon&#34; src=&#34;../../images/stroom-ui/settings-grey.svg&#34; width=&#34;16px&#34; title=&#34;Dashboard settings&#34; alt=&#34;settings-grey.svg&#34;&gt;

button on the top right of the panel.&lt;/p&gt;
&lt;p&gt;Choose the index you just created as your data source.&lt;/p&gt;







  
  
  
  
  







  



&lt;div class=&#34;card rounded shadow-stroom p-2 td-post-card mb-4 mt-4&#34; style=&#34;width: fit-content;&#34;&gt;

  &lt;a title=&#34;images/quick-start-guide/dashboard/002_dashboard_query_settings.png&#34; href=&#34;../../images/quick-start-guide/dashboard/002_dashboard_query_settings.png&#34;&gt;
    &lt;figure style=&#34;margin-block-end: 0px&#34; &gt;
      
      &lt;img class=&#34;card-img-top&#34; src=&#34;../../images/quick-start-guide/dashboard/002_dashboard_query_settings.png&#34; alt=&#34;images/quick-start-guide/dashboard/002_dashboard_query_settings.png&#34;&gt;
      

      
      &lt;div class=&#34;card-body px-0 pt-2 pb-0&#34;&gt;
        &lt;hr style=&#34;border-top: 1px solid #ddd; margin-top: 0px; margin-bottom:4px;&#34;&gt;
        &lt;figcaption class=&#34;card-text&#34; style=&#34;font-size: smaller; text-align: center;&#34;&gt;Dashboard settings&lt;/figcaption&gt;
      &lt;/div&gt;
      
    &lt;/figure&gt;
  &lt;/a&gt;
&lt;/div&gt;

&lt;p&gt;Now add a term to the query to get a handle on the data&lt;/p&gt;







  
  
  
  
  







  



&lt;div class=&#34;card rounded shadow-stroom p-2 td-post-card mb-4 mt-4&#34; style=&#34;width: fit-content;&#34;&gt;

  &lt;a title=&#34;images/quick-start-guide/dashboard/002_dashboard_query_add_term.png&#34; href=&#34;../../images/quick-start-guide/dashboard/002_dashboard_query_add_term.png&#34;&gt;
    &lt;figure style=&#34;margin-block-end: 0px&#34; &gt;
      
      &lt;img class=&#34;card-img-top&#34; src=&#34;../../images/quick-start-guide/dashboard/002_dashboard_query_add_term.png&#34; alt=&#34;images/quick-start-guide/dashboard/002_dashboard_query_add_term.png&#34;&gt;
      

      
      &lt;div class=&#34;card-body px-0 pt-2 pb-0&#34;&gt;
        &lt;hr style=&#34;border-top: 1px solid #ddd; margin-top: 0px; margin-bottom:4px;&#34;&gt;
        &lt;figcaption class=&#34;card-text&#34; style=&#34;font-size: smaller; text-align: center;&#34;&gt;Dashboard query add term&lt;/figcaption&gt;
      &lt;/div&gt;
      
    &lt;/figure&gt;
  &lt;/a&gt;
&lt;/div&gt;

&lt;p&gt;For our simple example we’re using a wildcard that captures all documents with an Id set.&lt;/p&gt;







  
  
  
  
  







  



&lt;div class=&#34;card rounded shadow-stroom p-2 td-post-card mb-4 mt-4&#34; style=&#34;width: fit-content;&#34;&gt;

  &lt;a title=&#34;images/quick-start-guide/dashboard/003_dashboard_query_edit_term.png&#34; href=&#34;../../images/quick-start-guide/dashboard/003_dashboard_query_edit_term.png&#34;&gt;
    &lt;figure style=&#34;margin-block-end: 0px&#34; &gt;
      
      &lt;img class=&#34;card-img-top&#34; src=&#34;../../images/quick-start-guide/dashboard/003_dashboard_query_edit_term.png&#34; alt=&#34;images/quick-start-guide/dashboard/003_dashboard_query_edit_term.png&#34;&gt;
      

      
      &lt;div class=&#34;card-body px-0 pt-2 pb-0&#34;&gt;
        &lt;hr style=&#34;border-top: 1px solid #ddd; margin-top: 0px; margin-bottom:4px;&#34;&gt;
        &lt;figcaption class=&#34;card-text&#34; style=&#34;font-size: smaller; text-align: center;&#34;&gt;Dashboard query edit term&lt;/figcaption&gt;
      &lt;/div&gt;
      
    &lt;/figure&gt;
  &lt;/a&gt;
&lt;/div&gt;

&lt;p&gt;Within the table panel we now need to set a few defaults.  On the table pane click the settings 







&lt;img class=&#34;stroom-icon&#34; src=&#34;../../images/stroom-ui/settings-grey.svg&#34; width=&#34;16px&#34; title=&#34;Dashboard settings&#34; alt=&#34;settings-grey.svg&#34;&gt;

button on the top right of the panel.  &lt;code&gt;Extract Values&lt;/code&gt; needs to be ticked.  If grouping is to be used and the content of the groups is to be viewed then &lt;code&gt;Show Group Detail&lt;/code&gt; should also be ticked.  The &lt;code&gt;Maximum Results&lt;/code&gt; field may also be changed from default if required to limit the results or if more results are expected than the default value.  Be aware that setting this value too high may result in excessive memory being used by the query process though.&lt;/p&gt;
&lt;p&gt;We now need to select a pipeline to display the results in the table by setting &lt;code&gt;Extraction Pipeline&lt;/code&gt;.  The simplest way is to create and save a new pipeline based on the existing &lt;code&gt;Search Extraction&lt;/code&gt; template pipeline.  Within this new pipeline, use either the XSLT used for indexing the data or preferably a copy of this XSLT saved elsewhere.  The extraction pipeline and the dashboard itself should then be saved.&lt;/p&gt;
&lt;p&gt;In the table panel we can add the fields we are interested in, in this case we wanted to sort the application field and count how many time the application name appears.&lt;/p&gt;







  
  
  
  
  







  



&lt;div class=&#34;card rounded shadow-stroom p-2 td-post-card mb-4 mt-4&#34; style=&#34;width: fit-content;&#34;&gt;

  &lt;a title=&#34;images/quick-start-guide/dashboard/004_dashboard_table_fields.png&#34; href=&#34;../../images/quick-start-guide/dashboard/004_dashboard_table_fields.png&#34;&gt;
    &lt;figure style=&#34;margin-block-end: 0px&#34; &gt;
      
      &lt;img class=&#34;card-img-top&#34; src=&#34;../../images/quick-start-guide/dashboard/004_dashboard_table_fields.png&#34; alt=&#34;images/quick-start-guide/dashboard/004_dashboard_table_fields.png&#34;&gt;
      

      
      &lt;div class=&#34;card-body px-0 pt-2 pb-0&#34;&gt;
        &lt;hr style=&#34;border-top: 1px solid #ddd; margin-top: 0px; margin-bottom:4px;&#34;&gt;
        &lt;figcaption class=&#34;card-text&#34; style=&#34;font-size: smaller; text-align: center;&#34;&gt;Dashboard table fields&lt;/figcaption&gt;
      &lt;/div&gt;
      
    &lt;/figure&gt;
  &lt;/a&gt;
&lt;/div&gt;

&lt;p&gt;If at this point, we decide that we&amp;rsquo;d like to see additional fields in the table extracted from each record then the Extraction Pipeline XSLT can be modified to extract them from the Event:&lt;/p&gt;
&lt;pre&gt;&lt;code class=&#34;language-xml&#34;&gt;...
  &amp;lt;xsl:template match=&amp;quot;/xpath/to/usefulField&amp;quot;&amp;gt;
    &amp;lt;data name=&amp;quot;UsefulField&amp;quot;&amp;gt;
      &amp;lt;xsl:attribute name=&amp;quot;value&amp;quot; select=&amp;quot;text()&amp;quot; /&amp;gt;
    &amp;lt;/data&amp;gt;
  &amp;lt;/xsl:template&amp;gt;
...
&lt;/code&gt;&lt;/pre&gt;
&lt;p&gt;To be able to select this new field from the table drop-down, it needs to be added back into the list of fields in the original index:&lt;/p&gt;
&lt;table&gt;
&lt;thead&gt;
&lt;tr&gt;
&lt;th&gt;Name&lt;/th&gt;
&lt;th&gt;Type&lt;/th&gt;
&lt;th&gt;Store&lt;/th&gt;
&lt;th&gt;Index&lt;/th&gt;
&lt;th&gt;Positions&lt;/th&gt;
&lt;th&gt;Analyser&lt;/th&gt;
&lt;th&gt;Case Sensitive&lt;/th&gt;
&lt;/tr&gt;
&lt;/thead&gt;
&lt;tbody&gt;
&lt;tr&gt;
&lt;td&gt;UsefulField&lt;/td&gt;
&lt;td&gt;Text&lt;/td&gt;
&lt;td&gt;No&lt;/td&gt;
&lt;td&gt;No&lt;/td&gt;
&lt;td&gt;No&lt;/td&gt;
&lt;td&gt;Keyword&lt;/td&gt;
&lt;td&gt;false&lt;/td&gt;
&lt;/tr&gt;
&lt;/tbody&gt;
&lt;/table&gt;
&lt;p&gt;If any additionals are made at this point, the index must first be saved and then the dashboard closed and reopened. &lt;code&gt;UsefulField&lt;/code&gt; will then be available as a drop-down option in the table.&lt;/p&gt;
&lt;p&gt;Start the query and we should get this&lt;/p&gt;







  
  
  
  
  







  



&lt;div class=&#34;card rounded shadow-stroom p-2 td-post-card mb-4 mt-4&#34; style=&#34;width: fit-content;&#34;&gt;

  &lt;a title=&#34;images/quick-start-guide/dashboard/005_dashboard_table.png&#34; href=&#34;../../images/quick-start-guide/dashboard/005_dashboard_table.png&#34;&gt;
    &lt;figure style=&#34;margin-block-end: 0px&#34; &gt;
      
      &lt;img class=&#34;card-img-top&#34; src=&#34;../../images/quick-start-guide/dashboard/005_dashboard_table.png&#34; alt=&#34;images/quick-start-guide/dashboard/005_dashboard_table.png&#34;&gt;
      

      
      &lt;div class=&#34;card-body px-0 pt-2 pb-0&#34;&gt;
        &lt;hr style=&#34;border-top: 1px solid #ddd; margin-top: 0px; margin-bottom:4px;&#34;&gt;
        &lt;figcaption class=&#34;card-text&#34; style=&#34;font-size: smaller; text-align: center;&#34;&gt;Dashboard table&lt;/figcaption&gt;
      &lt;/div&gt;
      
    &lt;/figure&gt;
  &lt;/a&gt;
&lt;/div&gt;

&lt;p&gt;Then we can add an element from the top again and this time use visualisation&lt;/p&gt;







  
  
  
  
  







  



&lt;div class=&#34;card rounded shadow-stroom p-2 td-post-card mb-4 mt-4&#34; style=&#34;width: fit-content;&#34;&gt;

  &lt;a title=&#34;images/quick-start-guide/dashboard/006_dashboard_add_visualisation.png&#34; href=&#34;../../images/quick-start-guide/dashboard/006_dashboard_add_visualisation.png&#34;&gt;
    &lt;figure style=&#34;margin-block-end: 0px&#34; &gt;
      
      &lt;img class=&#34;card-img-top&#34; src=&#34;../../images/quick-start-guide/dashboard/006_dashboard_add_visualisation.png&#34; alt=&#34;images/quick-start-guide/dashboard/006_dashboard_add_visualisation.png&#34;&gt;
      

      
      &lt;div class=&#34;card-body px-0 pt-2 pb-0&#34;&gt;
        &lt;hr style=&#34;border-top: 1px solid #ddd; margin-top: 0px; margin-bottom:4px;&#34;&gt;
        &lt;figcaption class=&#34;card-text&#34; style=&#34;font-size: smaller; text-align: center;&#34;&gt;Dashboard add visualisation&lt;/figcaption&gt;
      &lt;/div&gt;
      
    &lt;/figure&gt;
  &lt;/a&gt;
&lt;/div&gt;

&lt;p&gt;In the visualisation panel that has been added to the bottom, click the settings 







&lt;img class=&#34;stroom-icon&#34; src=&#34;../../images/stroom-ui/settings-grey.svg&#34; width=&#34;16px&#34; title=&#34;Dashboard settings&#34; alt=&#34;settings-grey.svg&#34;&gt;

button on the top right of the panel.&lt;/p&gt;
&lt;p&gt;In our example we have used the Bubble visualisation&lt;/p&gt;







  
  
  
  
  







  



&lt;div class=&#34;card rounded shadow-stroom p-2 td-post-card mb-4 mt-4&#34; style=&#34;width: fit-content;&#34;&gt;

  &lt;a title=&#34;images/quick-start-guide/dashboard/008_visualisation_settings_basic.png&#34; href=&#34;../../images/quick-start-guide/dashboard/008_visualisation_settings_basic.png&#34;&gt;
    &lt;figure style=&#34;margin-block-end: 0px&#34; &gt;
      
      &lt;img class=&#34;card-img-top&#34; src=&#34;../../images/quick-start-guide/dashboard/008_visualisation_settings_basic.png&#34; alt=&#34;images/quick-start-guide/dashboard/008_visualisation_settings_basic.png&#34;&gt;
      

      
      &lt;div class=&#34;card-body px-0 pt-2 pb-0&#34;&gt;
        &lt;hr style=&#34;border-top: 1px solid #ddd; margin-top: 0px; margin-bottom:4px;&#34;&gt;
        &lt;figcaption class=&#34;card-text&#34; style=&#34;font-size: smaller; text-align: center;&#34;&gt;Visualisation settings - basic&lt;/figcaption&gt;
      &lt;/div&gt;
      
    &lt;/figure&gt;
  &lt;/a&gt;
&lt;/div&gt;








  
  
  
  
  







  



&lt;div class=&#34;card rounded shadow-stroom p-2 td-post-card mb-4 mt-4&#34; style=&#34;width: fit-content;&#34;&gt;

  &lt;a title=&#34;images/quick-start-guide/dashboard/009_visualisation_settings_data.png&#34; href=&#34;../../images/quick-start-guide/dashboard/009_visualisation_settings_data.png&#34;&gt;
    &lt;figure style=&#34;margin-block-end: 0px&#34; &gt;
      
      &lt;img class=&#34;card-img-top&#34; src=&#34;../../images/quick-start-guide/dashboard/009_visualisation_settings_data.png&#34; alt=&#34;images/quick-start-guide/dashboard/009_visualisation_settings_data.png&#34;&gt;
      

      
      &lt;div class=&#34;card-body px-0 pt-2 pb-0&#34;&gt;
        &lt;hr style=&#34;border-top: 1px solid #ddd; margin-top: 0px; margin-bottom:4px;&#34;&gt;
        &lt;figcaption class=&#34;card-text&#34; style=&#34;font-size: smaller; text-align: center;&#34;&gt;Visualisation settings data&lt;/figcaption&gt;
      &lt;/div&gt;
      
    &lt;/figure&gt;
  &lt;/a&gt;
&lt;/div&gt;

&lt;p&gt;Which gives us this visualisation when the query is executed&lt;/p&gt;







  
  
  
  
  







  



&lt;div class=&#34;card rounded shadow-stroom p-2 td-post-card mb-4 mt-4&#34; style=&#34;width: fit-content;&#34;&gt;

  &lt;a title=&#34;images/quick-start-guide/dashboard/010_visualisation_bubbles.png&#34; href=&#34;../../images/quick-start-guide/dashboard/010_visualisation_bubbles.png&#34;&gt;
    &lt;figure style=&#34;margin-block-end: 0px&#34; &gt;
      
      &lt;img class=&#34;card-img-top&#34; src=&#34;../../images/quick-start-guide/dashboard/010_visualisation_bubbles.png&#34; alt=&#34;images/quick-start-guide/dashboard/010_visualisation_bubbles.png&#34;&gt;
      

      
      &lt;div class=&#34;card-body px-0 pt-2 pb-0&#34;&gt;
        &lt;hr style=&#34;border-top: 1px solid #ddd; margin-top: 0px; margin-bottom:4px;&#34;&gt;
        &lt;figcaption class=&#34;card-text&#34; style=&#34;font-size: smaller; text-align: center;&#34;&gt;Bubble visualisation&lt;/figcaption&gt;
      &lt;/div&gt;
      
    &lt;/figure&gt;
  &lt;/a&gt;
&lt;/div&gt;

&lt;p&gt;Where you can hover over elements and get a summary of that representation.&lt;/p&gt;







  
  
  
  
  







  



&lt;div class=&#34;card rounded shadow-stroom p-2 td-post-card mb-4 mt-4&#34; style=&#34;width: fit-content;&#34;&gt;

  &lt;a title=&#34;images/quick-start-guide/dashboard/011_visualisation_bubbles_legend.png&#34; href=&#34;../../images/quick-start-guide/dashboard/011_visualisation_bubbles_legend.png&#34;&gt;
    &lt;figure style=&#34;margin-block-end: 0px&#34; &gt;
      
      &lt;img class=&#34;card-img-top&#34; src=&#34;../../images/quick-start-guide/dashboard/011_visualisation_bubbles_legend.png&#34; alt=&#34;images/quick-start-guide/dashboard/011_visualisation_bubbles_legend.png&#34;&gt;
      

      
      &lt;div class=&#34;card-body px-0 pt-2 pb-0&#34;&gt;
        &lt;hr style=&#34;border-top: 1px solid #ddd; margin-top: 0px; margin-bottom:4px;&#34;&gt;
        &lt;figcaption class=&#34;card-text&#34; style=&#34;font-size: smaller; text-align: center;&#34;&gt;Bubble visualisation legends&lt;/figcaption&gt;
      &lt;/div&gt;
      
    &lt;/figure&gt;
  &lt;/a&gt;
&lt;/div&gt;


      </description>
    </item>
    
    <item>
      <title>Docs: Dashboard Expressions</title>
      <link>/docs/user-guide/dashboards/expressions/</link>
      <pubDate>Tue, 27 Jul 2021 00:00:00 +0000</pubDate>
      
      <guid>/docs/user-guide/dashboards/expressions/</guid>
      <description>
        
        
        &lt;p&gt;Expressions can be used to manipulate data on Stroom Dashboards.&lt;/p&gt;
&lt;p&gt;Each function has a name, and some have additional aliases.&lt;/p&gt;
&lt;p&gt;In some cases, functions can be nested. The return value for some functions being used
as the arguments for other functions.&lt;/p&gt;
&lt;p&gt;The arguments to functions can either be other functions, literal values, or they can refer to fields on the input data using the field reference &lt;code&gt;${val}&lt;/code&gt; syntax.&lt;/p&gt;
&lt;div class=&#34;card-deck mb-4&#34;&gt;

  &lt;div class=&#34;card mb-4&#34;&gt;
  
    &lt;div class=&#34;card-header&#34;&gt;
      
        Aggregate Functions
      
    &lt;/div&gt;
  
  &lt;div class=&#34;card-body&#34;&gt;
    
    
    
      &lt;p class=&#34;card-text&#34;&gt;
        
          &lt;ul&gt;
&lt;li&gt;&lt;a href=&#34;aggregate#average&#34;&gt;Average&lt;/a&gt;&lt;/li&gt;
&lt;li&gt;&lt;a href=&#34;aggregate#count&#34;&gt;Count&lt;/a&gt;&lt;/li&gt;
&lt;li&gt;&lt;a href=&#34;aggregate#count-groups&#34;&gt;Count Groups&lt;/a&gt;&lt;/li&gt;
&lt;li&gt;&lt;a href=&#34;aggregate#count-unique&#34;&gt;Count Unique&lt;/a&gt;&lt;/li&gt;
&lt;li&gt;&lt;a href=&#34;aggregate#joining&#34;&gt;Joining&lt;/a&gt;&lt;/li&gt;
&lt;li&gt;&lt;a href=&#34;aggregate#max&#34;&gt;Max&lt;/a&gt;&lt;/li&gt;
&lt;li&gt;&lt;a href=&#34;aggregate#min&#34;&gt;Min&lt;/a&gt;&lt;/li&gt;
&lt;li&gt;&lt;a href=&#34;aggregate#standard-deviation&#34;&gt;Standard Deviation&lt;/a&gt;&lt;/li&gt;
&lt;li&gt;&lt;a href=&#34;aggregate#sum&#34;&gt;Sum&lt;/a&gt;&lt;/li&gt;
&lt;li&gt;&lt;a href=&#34;aggregate#variance&#34;&gt;Variance&lt;/a&gt;&lt;/li&gt;
&lt;/ul&gt;

        
      &lt;/p&gt;
    
  &lt;/div&gt;
  
&lt;/div&gt;


  &lt;div class=&#34;card mb-4&#34;&gt;
  
    &lt;div class=&#34;card-header&#34;&gt;
      
        String Functions
      
    &lt;/div&gt;
  
  &lt;div class=&#34;card-body&#34;&gt;
    
    
    
      &lt;p class=&#34;card-text&#34;&gt;
        
          &lt;ul&gt;
&lt;li&gt;&lt;a href=&#34;string#concat&#34;&gt;Concat&lt;/a&gt;&lt;/li&gt;
&lt;li&gt;&lt;a href=&#34;string#current-user&#34;&gt;Current User&lt;/a&gt;&lt;/li&gt;
&lt;li&gt;&lt;a href=&#34;string#decode&#34;&gt;Decode&lt;/a&gt;&lt;/li&gt;
&lt;li&gt;&lt;a href=&#34;string#decodeurl&#34;&gt;DecodeUrl&lt;/a&gt;&lt;/li&gt;
&lt;li&gt;&lt;a href=&#34;string#encodeurl&#34;&gt;EncodeUrl&lt;/a&gt;&lt;/li&gt;
&lt;li&gt;&lt;a href=&#34;string#exclude&#34;&gt;Exclude&lt;/a&gt;&lt;/li&gt;
&lt;li&gt;&lt;a href=&#34;string#hash&#34;&gt;Hash&lt;/a&gt;&lt;/li&gt;
&lt;li&gt;&lt;a href=&#34;string#include&#34;&gt;Include&lt;/a&gt;&lt;/li&gt;
&lt;li&gt;&lt;a href=&#34;string#index-of&#34;&gt;Index Of&lt;/a&gt;&lt;/li&gt;
&lt;li&gt;&lt;a href=&#34;string#last-index-of&#34;&gt;Last Index Of&lt;/a&gt;&lt;/li&gt;
&lt;li&gt;&lt;a href=&#34;string#lower-case&#34;&gt;Lower Case&lt;/a&gt;&lt;/li&gt;
&lt;li&gt;&lt;a href=&#34;string#match&#34;&gt;Match&lt;/a&gt;&lt;/li&gt;
&lt;li&gt;&lt;a href=&#34;string#query-param&#34;&gt;Query Param&lt;/a&gt;&lt;/li&gt;
&lt;li&gt;&lt;a href=&#34;string#query-params&#34;&gt;Query Params&lt;/a&gt;&lt;/li&gt;
&lt;li&gt;&lt;a href=&#34;string#replace&#34;&gt;Replace&lt;/a&gt;&lt;/li&gt;
&lt;li&gt;&lt;a href=&#34;string#string-length&#34;&gt;String Length&lt;/a&gt;&lt;/li&gt;
&lt;li&gt;&lt;a href=&#34;string#substring&#34;&gt;Substring&lt;/a&gt;&lt;/li&gt;
&lt;li&gt;&lt;a href=&#34;string#substring-after&#34;&gt;Substring After&lt;/a&gt;&lt;/li&gt;
&lt;li&gt;&lt;a href=&#34;string#substring-before&#34;&gt;Substring Before&lt;/a&gt;&lt;/li&gt;
&lt;li&gt;&lt;a href=&#34;string#upper-case&#34;&gt;Upper Case&lt;/a&gt;&lt;/li&gt;
&lt;/ul&gt;

        
      &lt;/p&gt;
    
  &lt;/div&gt;
  
&lt;/div&gt;


  &lt;div class=&#34;card mb-4&#34;&gt;
  
    &lt;div class=&#34;card-header&#34;&gt;
      
        Mathematics Functions
      
    &lt;/div&gt;
  
  &lt;div class=&#34;card-body&#34;&gt;
    
    
    
      &lt;p class=&#34;card-text&#34;&gt;
        
          &lt;ul&gt;
&lt;li&gt;&lt;a href=&#34;mathematics#add&#34;&gt;Add&lt;/a&gt;&lt;/li&gt;
&lt;li&gt;&lt;a href=&#34;mathematics#average&#34;&gt;Average&lt;/a&gt;&lt;/li&gt;
&lt;li&gt;&lt;a href=&#34;mathematics#divide&#34;&gt;Divide&lt;/a&gt;&lt;/li&gt;
&lt;li&gt;&lt;a href=&#34;mathematics#max&#34;&gt;Max&lt;/a&gt;&lt;/li&gt;
&lt;li&gt;&lt;a href=&#34;mathematics#min&#34;&gt;Min&lt;/a&gt;&lt;/li&gt;
&lt;li&gt;&lt;a href=&#34;mathematics#modulo&#34;&gt;Modulo&lt;/a&gt;&lt;/li&gt;
&lt;li&gt;&lt;a href=&#34;mathematics#multiply&#34;&gt;Multiply&lt;/a&gt;&lt;/li&gt;
&lt;li&gt;&lt;a href=&#34;mathematics#negate&#34;&gt;Negate&lt;/a&gt;&lt;/li&gt;
&lt;li&gt;&lt;a href=&#34;mathematics#power&#34;&gt;Power&lt;/a&gt;&lt;/li&gt;
&lt;li&gt;&lt;a href=&#34;mathematics#random&#34;&gt;Random&lt;/a&gt;&lt;/li&gt;
&lt;li&gt;&lt;a href=&#34;mathematics#subtract&#34;&gt;Subtract&lt;/a&gt;&lt;/li&gt;
&lt;li&gt;&lt;a href=&#34;mathematics#sum&#34;&gt;Sum&lt;/a&gt;&lt;/li&gt;
&lt;/ul&gt;

        
      &lt;/p&gt;
    
  &lt;/div&gt;
  
&lt;/div&gt;


  &lt;div class=&#34;card mb-4&#34;&gt;
  
    &lt;div class=&#34;card-header&#34;&gt;
      
        Type Checking Functions
      
    &lt;/div&gt;
  
  &lt;div class=&#34;card-body&#34;&gt;
    
    
    
      &lt;p class=&#34;card-text&#34;&gt;
        
          &lt;ul&gt;
&lt;li&gt;&lt;a href=&#34;type-checking#is-boolean&#34;&gt;Is Boolean&lt;/a&gt;&lt;/li&gt;
&lt;li&gt;&lt;a href=&#34;type-checking#is-double&#34;&gt;Is Double&lt;/a&gt;&lt;/li&gt;
&lt;li&gt;&lt;a href=&#34;type-checking#is-error&#34;&gt;Is Error&lt;/a&gt;&lt;/li&gt;
&lt;li&gt;&lt;a href=&#34;type-checking#is-integer&#34;&gt;Is Integer&lt;/a&gt;&lt;/li&gt;
&lt;li&gt;&lt;a href=&#34;type-checking#is-long&#34;&gt;Is Long&lt;/a&gt;&lt;/li&gt;
&lt;li&gt;&lt;a href=&#34;type-checking#is-null&#34;&gt;Is Null&lt;/a&gt;&lt;/li&gt;
&lt;li&gt;&lt;a href=&#34;type-checking#is-number&#34;&gt;Is Number&lt;/a&gt;&lt;/li&gt;
&lt;li&gt;&lt;a href=&#34;type-checking#is-string&#34;&gt;Is String&lt;/a&gt;&lt;/li&gt;
&lt;li&gt;&lt;a href=&#34;type-checking#is-value&#34;&gt;Is Value&lt;/a&gt;&lt;/li&gt;
&lt;li&gt;&lt;a href=&#34;type-checking#type-of&#34;&gt;Type Of&lt;/a&gt;&lt;/li&gt;
&lt;/ul&gt;

        
      &lt;/p&gt;
    
  &lt;/div&gt;
  
&lt;/div&gt;


&lt;/div&gt;
&lt;div class=&#34;card-deck mb-4&#34;&gt;
  &lt;div class=&#34;card mb-4&#34;&gt;
  
    &lt;div class=&#34;card-header&#34;&gt;
      
        Link Functions
      
    &lt;/div&gt;
  
  &lt;div class=&#34;card-body&#34;&gt;
    
    
    
      &lt;p class=&#34;card-text&#34;&gt;
        
          &lt;ul&gt;
&lt;li&gt;&lt;a href=&#34;link#annotation&#34;&gt;Annotation&lt;/a&gt;&lt;/li&gt;
&lt;li&gt;&lt;a href=&#34;link#dashboard&#34;&gt;Dashboard&lt;/a&gt;&lt;/li&gt;
&lt;li&gt;&lt;a href=&#34;link#data&#34;&gt;Data&lt;/a&gt;&lt;/li&gt;
&lt;li&gt;&lt;a href=&#34;link#link&#34;&gt;Link&lt;/a&gt;&lt;/li&gt;
&lt;li&gt;&lt;a href=&#34;link#stepping&#34;&gt;Stepping&lt;/a&gt;&lt;/li&gt;
&lt;/ul&gt;

        
      &lt;/p&gt;
    
  &lt;/div&gt;
  
&lt;/div&gt;


  &lt;div class=&#34;card mb-4&#34;&gt;
  
    &lt;div class=&#34;card-header&#34;&gt;
      
        Cast Functions
      
    &lt;/div&gt;
  
  &lt;div class=&#34;card-body&#34;&gt;
    
    
    
      &lt;p class=&#34;card-text&#34;&gt;
        
          &lt;ul&gt;
&lt;li&gt;&lt;a href=&#34;cast#to-boolean&#34;&gt;To Boolean&lt;/a&gt;&lt;/li&gt;
&lt;li&gt;&lt;a href=&#34;cast#to-double&#34;&gt;To Double&lt;/a&gt;&lt;/li&gt;
&lt;li&gt;&lt;a href=&#34;cast#to-integer&#34;&gt;To Integer&lt;/a&gt;&lt;/li&gt;
&lt;li&gt;&lt;a href=&#34;cast#to-long&#34;&gt;To Long&lt;/a&gt;&lt;/li&gt;
&lt;li&gt;&lt;a href=&#34;cast#to-string&#34;&gt;To String&lt;/a&gt;&lt;/li&gt;
&lt;/ul&gt;

        
      &lt;/p&gt;
    
  &lt;/div&gt;
  
&lt;/div&gt;


  &lt;div class=&#34;card mb-4&#34;&gt;
  
    &lt;div class=&#34;card-header&#34;&gt;
      
        Date Functions
      
    &lt;/div&gt;
  
  &lt;div class=&#34;card-body&#34;&gt;
    
    
    
      &lt;p class=&#34;card-text&#34;&gt;
        
          &lt;ul&gt;
&lt;li&gt;&lt;a href=&#34;date#format-date&#34;&gt;Format Date&lt;/a&gt;&lt;/li&gt;
&lt;li&gt;&lt;a href=&#34;date#parse-date&#34;&gt;Parse Date&lt;/a&gt;&lt;/li&gt;
&lt;li&gt;&lt;a href=&#34;date#ceiling-yearmonthdayhourminutesecond&#34;&gt;Ceiling Functions&lt;/a&gt;&lt;/li&gt;
&lt;li&gt;&lt;a href=&#34;date#floor-yearmonthdayhourminutesecond&#34;&gt;Floor Functions&lt;/a&gt;&lt;/li&gt;
&lt;li&gt;&lt;a href=&#34;date#round-yearmonthdayhourminutesecond&#34;&gt;Round Functions&lt;/a&gt;&lt;/li&gt;
&lt;/ul&gt;

        
      &lt;/p&gt;
    
  &lt;/div&gt;
  
&lt;/div&gt;


  &lt;div class=&#34;card mb-4&#34;&gt;
  
    &lt;div class=&#34;card-header&#34;&gt;
      
        Logic Functions
      
    &lt;/div&gt;
  
  &lt;div class=&#34;card-body&#34;&gt;
    
    
    
      &lt;p class=&#34;card-text&#34;&gt;
        
          &lt;ul&gt;
&lt;li&gt;&lt;a href=&#34;logic#equals&#34;&gt;Equals&lt;/a&gt;&lt;/li&gt;
&lt;li&gt;&lt;a href=&#34;logic#greater-than&#34;&gt;Greater Than&lt;/a&gt;&lt;/li&gt;
&lt;li&gt;&lt;a href=&#34;logic#greater-than-or-equal-to&#34;&gt;Greater Than or Equal To&lt;/a&gt;&lt;/li&gt;
&lt;li&gt;&lt;a href=&#34;logic#if&#34;&gt;If&lt;/a&gt;&lt;/li&gt;
&lt;li&gt;&lt;a href=&#34;logic#less-than&#34;&gt;Less Than&lt;/a&gt;&lt;/li&gt;
&lt;li&gt;&lt;a href=&#34;logic#less-than-or-equal-to&#34;&gt;Less Than or Equal To&lt;/a&gt;&lt;/li&gt;
&lt;li&gt;&lt;a href=&#34;logic#not&#34;&gt;Not&lt;/a&gt;&lt;/li&gt;
&lt;/ul&gt;

        
      &lt;/p&gt;
    
  &lt;/div&gt;
  
&lt;/div&gt;


&lt;/div&gt;
&lt;div class=&#34;card-deck mb-4&#34;&gt;

  &lt;div class=&#34;card mb-4&#34;&gt;
  
    &lt;div class=&#34;card-header&#34;&gt;
      
        Rounding Functions
      
    &lt;/div&gt;
  
  &lt;div class=&#34;card-body&#34;&gt;
    
    
    
      &lt;p class=&#34;card-text&#34;&gt;
        
          &lt;ul&gt;
&lt;li&gt;&lt;a href=&#34;rounding#ceiling&#34;&gt;Ceiling&lt;/a&gt;&lt;/li&gt;
&lt;li&gt;&lt;a href=&#34;rounding#floor&#34;&gt;Floor&lt;/a&gt;&lt;/li&gt;
&lt;li&gt;&lt;a href=&#34;rounding#round&#34;&gt;Round&lt;/a&gt;&lt;/li&gt;
&lt;/ul&gt;

        
      &lt;/p&gt;
    
  &lt;/div&gt;
  
&lt;/div&gt;


  &lt;div class=&#34;card mb-4&#34;&gt;
  
    &lt;div class=&#34;card-header&#34;&gt;
      
        Selection Functions
      
    &lt;/div&gt;
  
  &lt;div class=&#34;card-body&#34;&gt;
    
    
    
      &lt;p class=&#34;card-text&#34;&gt;
        
          &lt;ul&gt;
&lt;li&gt;&lt;a href=&#34;selection#any&#34;&gt;Any&lt;/a&gt;&lt;/li&gt;
&lt;li&gt;&lt;a href=&#34;selection#bottom&#34;&gt;Bottom&lt;/a&gt;&lt;/li&gt;
&lt;li&gt;&lt;a href=&#34;selection#first&#34;&gt;First&lt;/a&gt;&lt;/li&gt;
&lt;li&gt;&lt;a href=&#34;selection#last&#34;&gt;Last&lt;/a&gt;&lt;/li&gt;
&lt;li&gt;&lt;a href=&#34;selection#nth&#34;&gt;Nth&lt;/a&gt;&lt;/li&gt;
&lt;li&gt;&lt;a href=&#34;selection#top&#34;&gt;Top&lt;/a&gt;&lt;/li&gt;
&lt;/ul&gt;

        
      &lt;/p&gt;
    
  &lt;/div&gt;
  
&lt;/div&gt;


  &lt;div class=&#34;card mb-4&#34;&gt;
  
    &lt;div class=&#34;card-header&#34;&gt;
      
        URI Functions
      
    &lt;/div&gt;
  
  &lt;div class=&#34;card-body&#34;&gt;
    
    
    
      &lt;p class=&#34;card-text&#34;&gt;
        
          &lt;ul&gt;
&lt;li&gt;&lt;a href=&#34;uri#extractauthorityfromuri&#34;&gt;extractAuthorityFromUri&lt;/a&gt;&lt;/li&gt;
&lt;li&gt;&lt;a href=&#34;uri#extractfragmentfromuri&#34;&gt;extractFragmentFromUri&lt;/a&gt;&lt;/li&gt;
&lt;li&gt;&lt;a href=&#34;uri#extracthostfromuri&#34;&gt;extractHostFromUri&lt;/a&gt;&lt;/li&gt;
&lt;li&gt;&lt;a href=&#34;uri#extractpathfromuri&#34;&gt;extractPathFromUri&lt;/a&gt;&lt;/li&gt;
&lt;li&gt;&lt;a href=&#34;uri#extractportfromuri&#34;&gt;extractPortFromUri&lt;/a&gt;&lt;/li&gt;
&lt;li&gt;&lt;a href=&#34;uri#extractqueryfromuri&#34;&gt;extractQueryFromUri&lt;/a&gt;&lt;/li&gt;
&lt;li&gt;&lt;a href=&#34;uri#extractschemefromuri&#34;&gt;extractSchemeFromUri&lt;/a&gt;&lt;/li&gt;
&lt;li&gt;&lt;a href=&#34;uri#extractschemespecificpartfromuri&#34;&gt;extractSchemeSpecificPartFromUri&lt;/a&gt;&lt;/li&gt;
&lt;li&gt;&lt;a href=&#34;uri#extractuserinfofromuri&#34;&gt;extractUserInfoFromUri&lt;/a&gt;&lt;/li&gt;
&lt;/ul&gt;

        
      &lt;/p&gt;
    
  &lt;/div&gt;
  
&lt;/div&gt;


  &lt;div class=&#34;card mb-4&#34;&gt;
  
    &lt;div class=&#34;card-header&#34;&gt;
      
        Value Functions
      
    &lt;/div&gt;
  
  &lt;div class=&#34;card-body&#34;&gt;
    
    
    
      &lt;p class=&#34;card-text&#34;&gt;
        
          &lt;ul&gt;
&lt;li&gt;&lt;a href=&#34;value#err&#34;&gt;Err&lt;/a&gt;&lt;/li&gt;
&lt;li&gt;&lt;a href=&#34;value#false&#34;&gt;False&lt;/a&gt;&lt;/li&gt;
&lt;li&gt;&lt;a href=&#34;value#null&#34;&gt;Null&lt;/a&gt;&lt;/li&gt;
&lt;li&gt;&lt;a href=&#34;value#true&#34;&gt;True&lt;/a&gt;&lt;/li&gt;
&lt;/ul&gt;

        
      &lt;/p&gt;
    
  &lt;/div&gt;
  
&lt;/div&gt;


&lt;/div&gt;

      </description>
    </item>
    
    <item>
      <title>Docs: Dashboards</title>
      <link>/docs/user-guide/dashboards/</link>
      <pubDate>Tue, 27 Jul 2021 00:00:00 +0000</pubDate>
      
      <guid>/docs/user-guide/dashboards/</guid>
      <description>
        
        
        
      </description>
    </item>
    
    <item>
      <title>Docs: Direct URLs</title>
      <link>/docs/user-guide/dashboards/direct-urls/</link>
      <pubDate>Tue, 27 Jul 2021 00:00:00 +0000</pubDate>
      
      <guid>/docs/user-guide/dashboards/direct-urls/</guid>
      <description>
        
        
        &lt;p&gt;It is possible to navigate directly to a specific &lt;em&gt;Stroom&lt;/em&gt; dashboard using a direct URL.
This can be useful when you have a dashboard that needs to be viewed by users that would otherwise not be using the &lt;em&gt;Stroom&lt;/em&gt; user interface.&lt;/p&gt;
&lt;h2 id=&#34;url-format&#34;&gt;URL format&lt;/h2&gt;
&lt;p&gt;The format for the URL is as follows:&lt;/p&gt;
&lt;p&gt;&lt;code&gt;https://&amp;lt;HOST&amp;gt;/stroom/dashboard?type=Dashboard&amp;amp;uuid=&amp;lt;DASHBOARD UUID&amp;gt;[&amp;amp;title=&amp;lt;DASHBOARD TITLE&amp;gt;][&amp;amp;params=&amp;lt;DASHBOARD PARAMETERS&amp;gt;]&lt;/code&gt;&lt;/p&gt;
&lt;p&gt;Example:&lt;/p&gt;
&lt;p&gt;&lt;code&gt;https://localhost/stroom/dashboard?type=Dashboard&amp;amp;uuid=c7c6b03c-5d47-4b8b-b84e-e4dfc6c84a09&amp;amp;title=My%20Dash&amp;amp;params=userId%3DFred%20Bloggs&lt;/code&gt;&lt;/p&gt;
&lt;h3 id=&#34;host-and-path&#34;&gt;Host and path&lt;/h3&gt;
&lt;p&gt;The host and path are typically &lt;code&gt;https://&amp;lt;HOST&amp;gt;/stroom/dashboard&lt;/code&gt; where &lt;code&gt;&amp;lt;HOST&amp;gt;&lt;/code&gt; is the hostname/IP for &lt;em&gt;Stroom&lt;/em&gt;.&lt;/p&gt;
&lt;h3 id=&#34;type&#34;&gt;type&lt;/h3&gt;
&lt;p&gt;&lt;code&gt;type&lt;/code&gt; is a required parameter and must always be &lt;code&gt;Dashboard&lt;/code&gt; since we are opening a dashboard.&lt;/p&gt;
&lt;h3 id=&#34;uuid&#34;&gt;uuid&lt;/h3&gt;
&lt;p&gt;&lt;code&gt;uuid&lt;/code&gt; is a required parameter where &lt;code&gt;&amp;lt;DASHBOARD UUID&amp;gt;&lt;/code&gt; is the UUID for the dashboard you want a direct URL to, e.g. &lt;code&gt;uuid=c7c6b03c-5d47-4b8b-b84e-e4dfc6c84a09&lt;/code&gt;&lt;/p&gt;
&lt;p&gt;The UUID for the dashboard that you want to link to can be found by right clicking on the dashboard icon in the explorer tree and selecting Info.&lt;/p&gt;
&lt;p&gt;The Info dialog will display something like this and the UUID can be copied from it:&lt;/p&gt;
&lt;pre&gt;&lt;code class=&#34;language-text&#34;&gt;DB ID: 4
UUID: c7c6b03c-5d47-4b8b-b84e-e4dfc6c84a09
Type: Dashboard
Name: Stroom Family App Events Dashboard
Created By: INTERNAL
Created On: 2018-12-10T06:33:03.275Z
Updated By: admin
Updated On: 2018-12-10T07:47:06.841Z
&lt;/code&gt;&lt;/pre&gt;
&lt;h3 id=&#34;title-optional&#34;&gt;title (Optional)&lt;/h3&gt;
&lt;p&gt;&lt;code&gt;title&lt;/code&gt; is an optional URL parameter where &lt;code&gt;&amp;lt;DASHBOARD TITLE&amp;gt;&lt;/code&gt; allows the specification of a specific title for the opened dashboard instead of the default dashboard name.&lt;/p&gt;
&lt;p&gt;The inclusion of &lt;code&gt;${name}&lt;/code&gt; in the title allows the default dashboard name to be used and appended with other values, e.g. &lt;code&gt;&#39;title=${name}%20-%20&#39; + param.name&lt;/code&gt;&lt;/p&gt;
&lt;h3 id=&#34;params-optional&#34;&gt;params (Optional)&lt;/h3&gt;
&lt;p&gt;&lt;code&gt;params&lt;/code&gt; is an optional URL parameter where &lt;code&gt;&amp;lt;DASHBOARD PARAMETERS&amp;gt;&lt;/code&gt; includes any parameters that have been defined for the dashboard in any of the expressions, e.g. &lt;code&gt;params=userId%3DFred%20Bloggs&lt;/code&gt;&lt;/p&gt;
&lt;h2 id=&#34;permissions&#34;&gt;Permissions&lt;/h2&gt;
&lt;p&gt;In order for as user to view a dashboard they will need the necessary permission on the various entities that make up the dashboard.&lt;/p&gt;
&lt;p&gt;For a Lucene index query and associated table the following permissions will be required:&lt;/p&gt;
&lt;ul&gt;
&lt;li&gt;&lt;em&gt;Read&lt;/em&gt; permission on the &lt;em&gt;Dashboard&lt;/em&gt; entity.&lt;/li&gt;
&lt;li&gt;&lt;em&gt;Use&lt;/em&gt; permission on any &lt;em&gt;Indexe&lt;/em&gt; entities being queried in the dashboard.&lt;/li&gt;
&lt;li&gt;&lt;em&gt;Use&lt;/em&gt; permission on any &lt;em&gt;Pipeline&lt;/em&gt; entities set as search extraction &lt;em&gt;Pipelines&lt;/em&gt; in any of the dashboard&amp;rsquo;s tables.&lt;/li&gt;
&lt;li&gt;&lt;em&gt;Use&lt;/em&gt; permission on any &lt;em&gt;XSLT&lt;/em&gt; entities used by the above search extraction &lt;em&gt;Pipeline&lt;/em&gt; entites.&lt;/li&gt;
&lt;li&gt;&lt;em&gt;Use&lt;/em&gt; permission on any ancestor pipelines of any of the above search extraction &lt;em&gt;Pipeline&lt;/em&gt; entites (if applicable).&lt;/li&gt;
&lt;li&gt;&lt;em&gt;Use&lt;/em&gt; permission on any &lt;em&gt;Feed&lt;/em&gt; entities that you want the user to be able to see data for.&lt;/li&gt;
&lt;/ul&gt;
&lt;p&gt;For a SQL Statistics query and associated table the following permissions will be required:&lt;/p&gt;
&lt;ul&gt;
&lt;li&gt;&lt;em&gt;Read&lt;/em&gt; permission on the &lt;em&gt;Dashboard&lt;/em&gt; entity.&lt;/li&gt;
&lt;li&gt;&lt;em&gt;Use&lt;/em&gt; permission on the &lt;em&gt;StatisticStore&lt;/em&gt; entity being queried.&lt;/li&gt;
&lt;/ul&gt;
&lt;p&gt;For a visualisation the following permissions will be required:&lt;/p&gt;
&lt;ul&gt;
&lt;li&gt;&lt;em&gt;Read&lt;/em&gt; permission on any &lt;em&gt;Visualiation&lt;/em&gt; entities used in the dashboard.&lt;/li&gt;
&lt;li&gt;&lt;em&gt;Read&lt;/em&gt; permission on any &lt;em&gt;Script&lt;/em&gt; entities used by the above &lt;em&gt;Visualiation&lt;/em&gt; entities.&lt;/li&gt;
&lt;li&gt;&lt;em&gt;Read&lt;/em&gt; permission on any &lt;em&gt;Script&lt;/em&gt; entities used by the above &lt;em&gt;Script&lt;/em&gt; entities.&lt;/li&gt;
&lt;/ul&gt;

      </description>
    </item>
    
  </channel>
</rss>
