<rss version="2.0" xmlns:atom="http://www.w3.org/2005/Atom">
  <channel>
    <title>Stroom – index</title>
    <link>/tags/index/</link>
    <description>Recent content in index on Stroom</description>
    <generator>Hugo -- gohugo.io</generator>
    <lastBuildDate>Fri, 09 Jul 2021 00:00:00 +0000</lastBuildDate>
    
	  <atom:link href="/tags/index/index.xml" rel="self" type="application/rss+xml" />
    
    
      
        
      
    
    
    <item>
      <title>Docs: Indexing</title>
      <link>/docs/quick-start-guide/indexing/</link>
      <pubDate>Fri, 09 Jul 2021 00:00:00 +0000</pubDate>
      
      <guid>/docs/quick-start-guide/indexing/</guid>
      <description>
        
        
        &lt;p&gt;Before you can visualise your data with dashboards you have to index the data;
First I opted for creating a specific volume to hold my data, just because I wanted to keep my shards away from the default volumes;&lt;/p&gt;
&lt;p&gt;Go to the Tools ➔ Volumes menu&lt;/p&gt;







  
  
  
  
  







  



&lt;div class=&#34;card rounded shadow-stroom p-2 td-post-card mb-4 mt-4&#34; style=&#34;width: fit-content;&#34;&gt;

  &lt;a title=&#34;images/quick-start-guide/index/001_volumes.png&#34; href=&#34;../../images/quick-start-guide/index/001_volumes.png&#34;&gt;
    &lt;figure style=&#34;margin-block-end: 0px&#34; &gt;
      
      &lt;img class=&#34;card-img-top&#34; src=&#34;../../images/quick-start-guide/index/001_volumes.png&#34; alt=&#34;images/quick-start-guide/index/001_volumes.png&#34;&gt;
      

      
      &lt;div class=&#34;card-body px-0 pt-2 pb-0&#34;&gt;
        &lt;hr style=&#34;border-top: 1px solid #ddd; margin-top: 0px; margin-bottom:4px;&#34;&gt;
        &lt;figcaption class=&#34;card-text&#34; style=&#34;font-size: smaller; text-align: center;&#34;&gt;Volumes&lt;/figcaption&gt;
      &lt;/div&gt;
      
    &lt;/figure&gt;
  &lt;/a&gt;
&lt;/div&gt;

&lt;p&gt;Once the volumes dialogue opens click the blue plus sign at the top left of the window to add a new one&lt;/p&gt;







  
  
  
  
  







  



&lt;div class=&#34;card rounded shadow-stroom p-2 td-post-card mb-4 mt-4&#34; style=&#34;width: fit-content;&#34;&gt;

  &lt;a title=&#34;images/quick-start-guide/index/002_volume_list.png&#34; href=&#34;../../images/quick-start-guide/index/002_volume_list.png&#34;&gt;
    &lt;figure style=&#34;margin-block-end: 0px&#34; &gt;
      
      &lt;img class=&#34;card-img-top&#34; src=&#34;../../images/quick-start-guide/index/002_volume_list.png&#34; alt=&#34;images/quick-start-guide/index/002_volume_list.png&#34;&gt;
      

      
      &lt;div class=&#34;card-body px-0 pt-2 pb-0&#34;&gt;
        &lt;hr style=&#34;border-top: 1px solid #ddd; margin-top: 0px; margin-bottom:4px;&#34;&gt;
        &lt;figcaption class=&#34;card-text&#34; style=&#34;font-size: smaller; text-align: center;&#34;&gt;Volume list&lt;/figcaption&gt;
      &lt;/div&gt;
      
    &lt;/figure&gt;
  &lt;/a&gt;
&lt;/div&gt;

&lt;p&gt;Select the node where you want the volume to be and the path you want to create, (because we are following the quick-start guide we just have one node and limited size, but we do want to set it as active so we can write documents to it and we want it to be public, because we might want other indexes to use it; your needs might be different.&lt;/p&gt;







  
  
  
  
  







  



&lt;div class=&#34;card rounded shadow-stroom p-2 td-post-card mb-4 mt-4&#34; style=&#34;width: fit-content;&#34;&gt;

  &lt;a title=&#34;images/quick-start-guide/index/003_volume_edit.png&#34; href=&#34;../../images/quick-start-guide/index/003_volume_edit.png&#34;&gt;
    &lt;figure style=&#34;margin-block-end: 0px&#34; &gt;
      
      &lt;img class=&#34;card-img-top&#34; src=&#34;../../images/quick-start-guide/index/003_volume_edit.png&#34; alt=&#34;images/quick-start-guide/index/003_volume_edit.png&#34;&gt;
      

      
      &lt;div class=&#34;card-body px-0 pt-2 pb-0&#34;&gt;
        &lt;hr style=&#34;border-top: 1px solid #ddd; margin-top: 0px; margin-bottom:4px;&#34;&gt;
        &lt;figcaption class=&#34;card-text&#34; style=&#34;font-size: smaller; text-align: center;&#34;&gt;Volume edit&lt;/figcaption&gt;
      &lt;/div&gt;
      
    &lt;/figure&gt;
  &lt;/a&gt;
&lt;/div&gt;

&lt;p&gt;Click ok and we’re good to go.&lt;/p&gt;
&lt;p&gt;Then we can create an index by selecting index item in the explorer tree. You do this in the same way you create any of the items. Just select/create a folder that you want to create the new index in and right click, select New Index.&lt;/p&gt;







  
  
  
  
  







  



&lt;div class=&#34;card rounded shadow-stroom p-2 td-post-card mb-4 mt-4&#34; style=&#34;width: fit-content;&#34;&gt;

  &lt;a title=&#34;images/quick-start-guide/index/004_index_new.png&#34; href=&#34;../../images/quick-start-guide/index/004_index_new.png&#34;&gt;
    &lt;figure style=&#34;margin-block-end: 0px&#34; &gt;
      
      &lt;img class=&#34;card-img-top&#34; src=&#34;../../images/quick-start-guide/index/004_index_new.png&#34; alt=&#34;images/quick-start-guide/index/004_index_new.png&#34;&gt;
      

      
      &lt;div class=&#34;card-body px-0 pt-2 pb-0&#34;&gt;
        &lt;hr style=&#34;border-top: 1px solid #ddd; margin-top: 0px; margin-bottom:4px;&#34;&gt;
        &lt;figcaption class=&#34;card-text&#34; style=&#34;font-size: smaller; text-align: center;&#34;&gt;New index&lt;/figcaption&gt;
      &lt;/div&gt;
      
    &lt;/figure&gt;
  &lt;/a&gt;
&lt;/div&gt;

&lt;p&gt;Choose a name for your new index&lt;/p&gt;







  
  
  
  
  







  



&lt;div class=&#34;card rounded shadow-stroom p-2 td-post-card mb-4 mt-4&#34; style=&#34;width: fit-content;&#34;&gt;

  &lt;a title=&#34;images/quick-start-guide/index/005_index_name.png&#34; href=&#34;../../images/quick-start-guide/index/005_index_name.png&#34;&gt;
    &lt;figure style=&#34;margin-block-end: 0px&#34; &gt;
      
      &lt;img class=&#34;card-img-top&#34; src=&#34;../../images/quick-start-guide/index/005_index_name.png&#34; alt=&#34;images/quick-start-guide/index/005_index_name.png&#34;&gt;
      

      
      &lt;div class=&#34;card-body px-0 pt-2 pb-0&#34;&gt;
        &lt;hr style=&#34;border-top: 1px solid #ddd; margin-top: 0px; margin-bottom:4px;&#34;&gt;
        &lt;figcaption class=&#34;card-text&#34; style=&#34;font-size: smaller; text-align: center;&#34;&gt;Index name&lt;/figcaption&gt;
      &lt;/div&gt;
      
    &lt;/figure&gt;
  &lt;/a&gt;
&lt;/div&gt;

&lt;p&gt;In the settings tab we need to specify the volume where we will store our shards&lt;/p&gt;
&lt;p&gt;Now you need to add fields to this index.&lt;/p&gt;
&lt;p&gt;Firstly there are two mandatory fields that need to be added: &lt;code&gt;StreamId&lt;/code&gt; and &lt;code&gt;EventId&lt;/code&gt;&lt;/p&gt;
&lt;p&gt;Both should be of type &lt;code&gt;Id&lt;/code&gt;, stored and indexed with the &lt;code&gt;Keyword&lt;/code&gt; analyser&lt;/p&gt;







  
  
  
  
  







  



&lt;div class=&#34;card rounded shadow-stroom p-2 td-post-card mb-4 mt-4&#34; style=&#34;width: fit-content;&#34;&gt;

  &lt;a title=&#34;images/quick-start-guide/index/006_index_field.png&#34; href=&#34;../../images/quick-start-guide/index/006_index_field.png&#34;&gt;
    &lt;figure style=&#34;margin-block-end: 0px&#34; &gt;
      
      &lt;img class=&#34;card-img-top&#34; src=&#34;../../images/quick-start-guide/index/006_index_field.png&#34; alt=&#34;images/quick-start-guide/index/006_index_field.png&#34;&gt;
      

      
      &lt;div class=&#34;card-body px-0 pt-2 pb-0&#34;&gt;
        &lt;hr style=&#34;border-top: 1px solid #ddd; margin-top: 0px; margin-bottom:4px;&#34;&gt;
        &lt;figcaption class=&#34;card-text&#34; style=&#34;font-size: smaller; text-align: center;&#34;&gt;Index field&lt;/figcaption&gt;
      &lt;/div&gt;
      
    &lt;/figure&gt;
  &lt;/a&gt;
&lt;/div&gt;

&lt;p&gt;If you were following the quick-start instruction on ingesting the &lt;code&gt;mock_stroom_data.csv&lt;/code&gt;, we’ll use those fields here.&lt;/p&gt;
&lt;p&gt;Open the fields tab then create the following fields:&lt;/p&gt;
&lt;table&gt;
&lt;thead&gt;
&lt;tr&gt;
&lt;th&gt;Name&lt;/th&gt;
&lt;th&gt;Type&lt;/th&gt;
&lt;th&gt;Store&lt;/th&gt;
&lt;th&gt;Index&lt;/th&gt;
&lt;th&gt;Positions&lt;/th&gt;
&lt;th&gt;Analyser&lt;/th&gt;
&lt;th&gt;Case Sensitive&lt;/th&gt;
&lt;/tr&gt;
&lt;/thead&gt;
&lt;tbody&gt;
&lt;tr&gt;
&lt;td&gt;StreamId&lt;/td&gt;
&lt;td&gt;Id&lt;/td&gt;
&lt;td&gt;Yes&lt;/td&gt;
&lt;td&gt;Yes&lt;/td&gt;
&lt;td&gt;No&lt;/td&gt;
&lt;td&gt;Keyword&lt;/td&gt;
&lt;td&gt;false&lt;/td&gt;
&lt;/tr&gt;
&lt;tr&gt;
&lt;td&gt;EventId&lt;/td&gt;
&lt;td&gt;Id&lt;/td&gt;
&lt;td&gt;Yes&lt;/td&gt;
&lt;td&gt;Yes&lt;/td&gt;
&lt;td&gt;No&lt;/td&gt;
&lt;td&gt;Keyword&lt;/td&gt;
&lt;td&gt;false&lt;/td&gt;
&lt;/tr&gt;
&lt;tr&gt;
&lt;td&gt;Id&lt;/td&gt;
&lt;td&gt;Text&lt;/td&gt;
&lt;td&gt;Yes&lt;/td&gt;
&lt;td&gt;Yes&lt;/td&gt;
&lt;td&gt;No&lt;/td&gt;
&lt;td&gt;Keyword&lt;/td&gt;
&lt;td&gt;false&lt;/td&gt;
&lt;/tr&gt;
&lt;tr&gt;
&lt;td&gt;Guid&lt;/td&gt;
&lt;td&gt;Text&lt;/td&gt;
&lt;td&gt;Yes&lt;/td&gt;
&lt;td&gt;Yes&lt;/td&gt;
&lt;td&gt;No&lt;/td&gt;
&lt;td&gt;Alpha numeric&lt;/td&gt;
&lt;td&gt;false&lt;/td&gt;
&lt;/tr&gt;
&lt;tr&gt;
&lt;td&gt;FromIp&lt;/td&gt;
&lt;td&gt;Text&lt;/td&gt;
&lt;td&gt;Yes&lt;/td&gt;
&lt;td&gt;Yes&lt;/td&gt;
&lt;td&gt;Yes&lt;/td&gt;
&lt;td&gt;Keyword&lt;/td&gt;
&lt;td&gt;false&lt;/td&gt;
&lt;/tr&gt;
&lt;tr&gt;
&lt;td&gt;ToIp&lt;/td&gt;
&lt;td&gt;Text&lt;/td&gt;
&lt;td&gt;Yes&lt;/td&gt;
&lt;td&gt;Yes&lt;/td&gt;
&lt;td&gt;Yes&lt;/td&gt;
&lt;td&gt;Keyword&lt;/td&gt;
&lt;td&gt;false&lt;/td&gt;
&lt;/tr&gt;
&lt;tr&gt;
&lt;td&gt;Application&lt;/td&gt;
&lt;td&gt;Text&lt;/td&gt;
&lt;td&gt;Yes&lt;/td&gt;
&lt;td&gt;Yes&lt;/td&gt;
&lt;td&gt;Yes&lt;/td&gt;
&lt;td&gt;Alpha numeric&lt;/td&gt;
&lt;td&gt;false&lt;/td&gt;
&lt;/tr&gt;
&lt;/tbody&gt;
&lt;/table&gt;
&lt;p&gt;We are creating fields in our index to match the fields we have ingested to provide a place for the data to go that Stroom can reference.&lt;/p&gt;







  
  
  
  
  







  



&lt;div class=&#34;card rounded shadow-stroom p-2 td-post-card mb-4 mt-4&#34; style=&#34;width: fit-content;&#34;&gt;

  &lt;a title=&#34;images/quick-start-guide/index/007_index_field_list.png&#34; href=&#34;../../images/quick-start-guide/index/007_index_field_list.png&#34;&gt;
    &lt;figure style=&#34;margin-block-end: 0px&#34; &gt;
      
      &lt;img class=&#34;card-img-top&#34; src=&#34;../../images/quick-start-guide/index/007_index_field_list.png&#34; alt=&#34;images/quick-start-guide/index/007_index_field_list.png&#34;&gt;
      

      
      &lt;div class=&#34;card-body px-0 pt-2 pb-0&#34;&gt;
        &lt;hr style=&#34;border-top: 1px solid #ddd; margin-top: 0px; margin-bottom:4px;&#34;&gt;
        &lt;figcaption class=&#34;card-text&#34; style=&#34;font-size: smaller; text-align: center;&#34;&gt;Index field list&lt;/figcaption&gt;
      &lt;/div&gt;
      
    &lt;/figure&gt;
  &lt;/a&gt;
&lt;/div&gt;

&lt;p&gt;When you&amp;rsquo;ve done that, save the new index.&lt;/p&gt;
&lt;p&gt;Now create a new XSLT.  We are going to convert xml data into something indexable by Stroom.&lt;/p&gt;







  
  
  
  
  







  



&lt;div class=&#34;card rounded shadow-stroom p-2 td-post-card mb-4 mt-4&#34; style=&#34;width: fit-content;&#34;&gt;

  &lt;a title=&#34;images/quick-start-guide/index/008_xslt_new.png&#34; href=&#34;../../images/quick-start-guide/index/008_xslt_new.png&#34;&gt;
    &lt;figure style=&#34;margin-block-end: 0px&#34; &gt;
      
      &lt;img class=&#34;card-img-top&#34; src=&#34;../../images/quick-start-guide/index/008_xslt_new.png&#34; alt=&#34;images/quick-start-guide/index/008_xslt_new.png&#34;&gt;
      

      
      &lt;div class=&#34;card-body px-0 pt-2 pb-0&#34;&gt;
        &lt;hr style=&#34;border-top: 1px solid #ddd; margin-top: 0px; margin-bottom:4px;&#34;&gt;
        &lt;figcaption class=&#34;card-text&#34; style=&#34;font-size: smaller; text-align: center;&#34;&gt;New XSLT&lt;/figcaption&gt;
      &lt;/div&gt;
      
    &lt;/figure&gt;
  &lt;/a&gt;
&lt;/div&gt;

&lt;p&gt;To make things manageable we create our new XSLT with the same name as the index in the same folder. After you&amp;rsquo;ve set the name just save it and close it, we’ll add some code in there later.&lt;/p&gt;







  
  
  
  
  







  



&lt;div class=&#34;card rounded shadow-stroom p-2 td-post-card mb-4 mt-4&#34; style=&#34;width: fit-content;&#34;&gt;

  &lt;a title=&#34;images/quick-start-guide/index/009_xslt_name.png&#34; href=&#34;../../images/quick-start-guide/index/009_xslt_name.png&#34;&gt;
    &lt;figure style=&#34;margin-block-end: 0px&#34; &gt;
      
      &lt;img class=&#34;card-img-top&#34; src=&#34;../../images/quick-start-guide/index/009_xslt_name.png&#34; alt=&#34;images/quick-start-guide/index/009_xslt_name.png&#34;&gt;
      

      
      &lt;div class=&#34;card-body px-0 pt-2 pb-0&#34;&gt;
        &lt;hr style=&#34;border-top: 1px solid #ddd; margin-top: 0px; margin-bottom:4px;&#34;&gt;
        &lt;figcaption class=&#34;card-text&#34; style=&#34;font-size: smaller; text-align: center;&#34;&gt;XSLT name&lt;/figcaption&gt;
      &lt;/div&gt;
      
    &lt;/figure&gt;
  &lt;/a&gt;
&lt;/div&gt;








  
  
  
  
  







  



&lt;div class=&#34;card rounded shadow-stroom p-2 td-post-card mb-4 mt-4&#34; style=&#34;width: fit-content;&#34;&gt;

  &lt;a title=&#34;images/quick-start-guide/index/010_xslt_settings.png&#34; href=&#34;../../images/quick-start-guide/index/010_xslt_settings.png&#34;&gt;
    &lt;figure style=&#34;margin-block-end: 0px&#34; &gt;
      
      &lt;img class=&#34;card-img-top&#34; src=&#34;../../images/quick-start-guide/index/010_xslt_settings.png&#34; alt=&#34;images/quick-start-guide/index/010_xslt_settings.png&#34;&gt;
      

      
      &lt;div class=&#34;card-body px-0 pt-2 pb-0&#34;&gt;
        &lt;hr style=&#34;border-top: 1px solid #ddd; margin-top: 0px; margin-bottom:4px;&#34;&gt;
        &lt;figcaption class=&#34;card-text&#34; style=&#34;font-size: smaller; text-align: center;&#34;&gt;XSLT settings&lt;/figcaption&gt;
      &lt;/div&gt;
      
    &lt;/figure&gt;
  &lt;/a&gt;
&lt;/div&gt;

&lt;p&gt;Now we get to send data to the index&lt;/p&gt;
&lt;p&gt;Create a new pipeline called Indexing (we are going to make this a template for future indexing requirements).&lt;/p&gt;







  
  
  
  
  







  



&lt;div class=&#34;card rounded shadow-stroom p-2 td-post-card mb-4 mt-4&#34; style=&#34;width: fit-content;&#34;&gt;

  &lt;a title=&#34;images/quick-start-guide/index/011_pipeline_new.png&#34; href=&#34;../../images/quick-start-guide/index/011_pipeline_new.png&#34;&gt;
    &lt;figure style=&#34;margin-block-end: 0px&#34; &gt;
      
      &lt;img class=&#34;card-img-top&#34; src=&#34;../../images/quick-start-guide/index/011_pipeline_new.png&#34; alt=&#34;images/quick-start-guide/index/011_pipeline_new.png&#34;&gt;
      

      
      &lt;div class=&#34;card-body px-0 pt-2 pb-0&#34;&gt;
        &lt;hr style=&#34;border-top: 1px solid #ddd; margin-top: 0px; margin-bottom:4px;&#34;&gt;
        &lt;figcaption class=&#34;card-text&#34; style=&#34;font-size: smaller; text-align: center;&#34;&gt;New pipeline&lt;/figcaption&gt;
      &lt;/div&gt;
      
    &lt;/figure&gt;
  &lt;/a&gt;
&lt;/div&gt;

&lt;p&gt;Edit the structure of the pipeline&lt;/p&gt;
&lt;p&gt;Add the following element types with the specified names&lt;/p&gt;
&lt;table&gt;
&lt;thead&gt;
&lt;tr&gt;
&lt;th&gt;Type&lt;/th&gt;
&lt;th&gt;Name&lt;/th&gt;
&lt;/tr&gt;
&lt;/thead&gt;
&lt;tbody&gt;
&lt;tr&gt;
&lt;td&gt;XMLParser&lt;/td&gt;
&lt;td&gt;parser&lt;/td&gt;
&lt;/tr&gt;
&lt;tr&gt;
&lt;td&gt;SplitFilter&lt;/td&gt;
&lt;td&gt;splitFilter&lt;/td&gt;
&lt;/tr&gt;
&lt;tr&gt;
&lt;td&gt;IdEnrichmentFilter&lt;/td&gt;
&lt;td&gt;idEnrichmentFilter&lt;/td&gt;
&lt;/tr&gt;
&lt;tr&gt;
&lt;td&gt;XSLTFilter&lt;/td&gt;
&lt;td&gt;xsltFilter&lt;/td&gt;
&lt;/tr&gt;
&lt;tr&gt;
&lt;td&gt;IndexingFilter&lt;/td&gt;
&lt;td&gt;indexingFilter&lt;/td&gt;
&lt;/tr&gt;
&lt;/tbody&gt;
&lt;/table&gt;
&lt;p&gt;So it looks like this (excluding the ReadRecordCountFilter and WriteRecordCountFilter elements)&lt;/p&gt;







  
  
  
  
  







  



&lt;div class=&#34;card rounded shadow-stroom p-2 td-post-card mb-4 mt-4&#34; style=&#34;width: fit-content;&#34;&gt;

  &lt;a title=&#34;images/quick-start-guide/index/012_indexing_pipeline.png&#34; href=&#34;../../images/quick-start-guide/index/012_indexing_pipeline.png&#34;&gt;
    &lt;figure style=&#34;margin-block-end: 0px&#34; &gt;
      
      &lt;img class=&#34;card-img-top&#34; src=&#34;../../images/quick-start-guide/index/012_indexing_pipeline.png&#34; alt=&#34;images/quick-start-guide/index/012_indexing_pipeline.png&#34;&gt;
      

      
      &lt;div class=&#34;card-body px-0 pt-2 pb-0&#34;&gt;
        &lt;hr style=&#34;border-top: 1px solid #ddd; margin-top: 0px; margin-bottom:4px;&#34;&gt;
        &lt;figcaption class=&#34;card-text&#34; style=&#34;font-size: smaller; text-align: center;&#34;&gt;Indexing pipeline&lt;/figcaption&gt;
      &lt;/div&gt;
      
    &lt;/figure&gt;
  &lt;/a&gt;
&lt;/div&gt;

&lt;p&gt;Once the elements have been added you need to set the following property on the elements:&lt;/p&gt;
&lt;table&gt;
&lt;thead&gt;
&lt;tr&gt;
&lt;th&gt;Element&lt;/th&gt;
&lt;th&gt;Property&lt;/th&gt;
&lt;th&gt;Value&lt;/th&gt;
&lt;/tr&gt;
&lt;/thead&gt;
&lt;tbody&gt;
&lt;tr&gt;
&lt;td&gt;splitFilter&lt;/td&gt;
&lt;td&gt;splitCount&lt;/td&gt;
&lt;td&gt;100&lt;/td&gt;
&lt;/tr&gt;
&lt;/tbody&gt;
&lt;/table&gt;
&lt;p&gt;To do this we select the element then double click the property value in the property panel which is below it.&lt;/p&gt;







  
  
  
  
  







  



&lt;div class=&#34;card rounded shadow-stroom p-2 td-post-card mb-4 mt-4&#34; style=&#34;width: fit-content;&#34;&gt;

  &lt;a title=&#34;images/quick-start-guide/index/013_pipeline_element_property.png&#34; href=&#34;../../images/quick-start-guide/index/013_pipeline_element_property.png&#34;&gt;
    &lt;figure style=&#34;margin-block-end: 0px&#34; &gt;
      
      &lt;img class=&#34;card-img-top&#34; src=&#34;../../images/quick-start-guide/index/013_pipeline_element_property.png&#34; alt=&#34;images/quick-start-guide/index/013_pipeline_element_property.png&#34;&gt;
      

      
      &lt;div class=&#34;card-body px-0 pt-2 pb-0&#34;&gt;
        &lt;hr style=&#34;border-top: 1px solid #ddd; margin-top: 0px; margin-bottom:4px;&#34;&gt;
        &lt;figcaption class=&#34;card-text&#34; style=&#34;font-size: smaller; text-align: center;&#34;&gt;Pipeline element property&lt;/figcaption&gt;
      &lt;/div&gt;
      
    &lt;/figure&gt;
  &lt;/a&gt;
&lt;/div&gt;

&lt;p&gt;The dialogue pops up where you can set the values&lt;/p&gt;







  
  
  
  
  







  



&lt;div class=&#34;card rounded shadow-stroom p-2 td-post-card mb-4 mt-4&#34; style=&#34;width: fit-content;&#34;&gt;

  &lt;a title=&#34;images/quick-start-guide/index/014_pipeline_edit_element_property.png&#34; href=&#34;../../images/quick-start-guide/index/014_pipeline_edit_element_property.png&#34;&gt;
    &lt;figure style=&#34;margin-block-end: 0px&#34; &gt;
      
      &lt;img class=&#34;card-img-top&#34; src=&#34;../../images/quick-start-guide/index/014_pipeline_edit_element_property.png&#34; alt=&#34;images/quick-start-guide/index/014_pipeline_edit_element_property.png&#34;&gt;
      

      
      &lt;div class=&#34;card-body px-0 pt-2 pb-0&#34;&gt;
        &lt;hr style=&#34;border-top: 1px solid #ddd; margin-top: 0px; margin-bottom:4px;&#34;&gt;
        &lt;figcaption class=&#34;card-text&#34; style=&#34;font-size: smaller; text-align: center;&#34;&gt;Pipeline edit element property&lt;/figcaption&gt;
      &lt;/div&gt;
      
    &lt;/figure&gt;
  &lt;/a&gt;
&lt;/div&gt;

&lt;p&gt;Save the pipeline, using the top left icon 







&lt;img class=&#34;stroom-icon&#34; src=&#34;../../images/stroom-ui/save.svg&#34; width=&#34;16px&#34; title=&#34;Save&#34; alt=&#34;save.svg&#34;&gt;
, then close the pipeline tab.&lt;/p&gt;
&lt;p&gt;Now create a new pipeline&lt;/p&gt;







  
  
  
  
  







  



&lt;div class=&#34;card rounded shadow-stroom p-2 td-post-card mb-4 mt-4&#34; style=&#34;width: fit-content;&#34;&gt;

  &lt;a title=&#34;images/quick-start-guide/index/015_pipeline_name.png&#34; href=&#34;../../images/quick-start-guide/index/015_pipeline_name.png&#34;&gt;
    &lt;figure style=&#34;margin-block-end: 0px&#34; &gt;
      
      &lt;img class=&#34;card-img-top&#34; src=&#34;../../images/quick-start-guide/index/015_pipeline_name.png&#34; alt=&#34;images/quick-start-guide/index/015_pipeline_name.png&#34;&gt;
      

      
      &lt;div class=&#34;card-body px-0 pt-2 pb-0&#34;&gt;
        &lt;hr style=&#34;border-top: 1px solid #ddd; margin-top: 0px; margin-bottom:4px;&#34;&gt;
        &lt;figcaption class=&#34;card-text&#34; style=&#34;font-size: smaller; text-align: center;&#34;&gt;Pipeline name&lt;/figcaption&gt;
      &lt;/div&gt;
      
    &lt;/figure&gt;
  &lt;/a&gt;
&lt;/div&gt;

&lt;p&gt;Which we will base on our new “Indexing” template pipeline&lt;/p&gt;
&lt;p&gt;On our structure tab&lt;/p&gt;







  
  
  
  
  







  



&lt;div class=&#34;card rounded shadow-stroom p-2 td-post-card mb-4 mt-4&#34; style=&#34;width: fit-content;&#34;&gt;

  &lt;a title=&#34;images/quick-start-guide/index/016_pipeline_structure_new.png&#34; href=&#34;../../images/quick-start-guide/index/016_pipeline_structure_new.png&#34;&gt;
    &lt;figure style=&#34;margin-block-end: 0px&#34; &gt;
      
      &lt;img class=&#34;card-img-top&#34; src=&#34;../../images/quick-start-guide/index/016_pipeline_structure_new.png&#34; alt=&#34;images/quick-start-guide/index/016_pipeline_structure_new.png&#34;&gt;
      

      
      &lt;div class=&#34;card-body px-0 pt-2 pb-0&#34;&gt;
        &lt;hr style=&#34;border-top: 1px solid #ddd; margin-top: 0px; margin-bottom:4px;&#34;&gt;
        &lt;figcaption class=&#34;card-text&#34; style=&#34;font-size: smaller; text-align: center;&#34;&gt;Pipeline structure&lt;/figcaption&gt;
      &lt;/div&gt;
      
    &lt;/figure&gt;
  &lt;/a&gt;
&lt;/div&gt;

&lt;p&gt;Click in the “Inherit From” window&lt;/p&gt;







  
  
  
  
  







  



&lt;div class=&#34;card rounded shadow-stroom p-2 td-post-card mb-4 mt-4&#34; style=&#34;width: fit-content;&#34;&gt;

  &lt;a title=&#34;images/quick-start-guide/index/017_pipeline_inheritance.png&#34; href=&#34;../../images/quick-start-guide/index/017_pipeline_inheritance.png&#34;&gt;
    &lt;figure style=&#34;margin-block-end: 0px&#34; &gt;
      
      &lt;img class=&#34;card-img-top&#34; src=&#34;../../images/quick-start-guide/index/017_pipeline_inheritance.png&#34; alt=&#34;images/quick-start-guide/index/017_pipeline_inheritance.png&#34;&gt;
      

      
      &lt;div class=&#34;card-body px-0 pt-2 pb-0&#34;&gt;
        &lt;hr style=&#34;border-top: 1px solid #ddd; margin-top: 0px; margin-bottom:4px;&#34;&gt;
        &lt;figcaption class=&#34;card-text&#34; style=&#34;font-size: smaller; text-align: center;&#34;&gt;Pipeline inheritance&lt;/figcaption&gt;
      &lt;/div&gt;
      
    &lt;/figure&gt;
  &lt;/a&gt;
&lt;/div&gt;

&lt;p&gt;Select our Indexing pipeline template that we just created&lt;/p&gt;







  
  
  
  
  







  



&lt;div class=&#34;card rounded shadow-stroom p-2 td-post-card mb-4 mt-4&#34; style=&#34;width: fit-content;&#34;&gt;

  &lt;a title=&#34;images/quick-start-guide/index/018_pipeline_inheritance_selection.png&#34; href=&#34;../../images/quick-start-guide/index/018_pipeline_inheritance_selection.png&#34;&gt;
    &lt;figure style=&#34;margin-block-end: 0px&#34; &gt;
      
      &lt;img class=&#34;card-img-top&#34; src=&#34;../../images/quick-start-guide/index/018_pipeline_inheritance_selection.png&#34; alt=&#34;images/quick-start-guide/index/018_pipeline_inheritance_selection.png&#34;&gt;
      

      
      &lt;div class=&#34;card-body px-0 pt-2 pb-0&#34;&gt;
        &lt;hr style=&#34;border-top: 1px solid #ddd; margin-top: 0px; margin-bottom:4px;&#34;&gt;
        &lt;figcaption class=&#34;card-text&#34; style=&#34;font-size: smaller; text-align: center;&#34;&gt;Pipeline inheritance selection&lt;/figcaption&gt;
      &lt;/div&gt;
      
    &lt;/figure&gt;
  &lt;/a&gt;
&lt;/div&gt;

&lt;p&gt;Now we need to set the XSLT property on the &lt;code&gt;xsltFilter&lt;/code&gt; to point at the XSLT we created earlier and set the index on the &lt;code&gt;indexFilter&lt;/code&gt; to point to the index we created.
This will appear as below (excluding the ReadRecordCountFilter and WriteRecordCountFilter elements)&lt;/p&gt;







  
  
  
  
  







  



&lt;div class=&#34;card rounded shadow-stroom p-2 td-post-card mb-4 mt-4&#34; style=&#34;width: fit-content;&#34;&gt;

  &lt;a title=&#34;images/quick-start-guide/index/019_pipeline_properties_xslt.png&#34; href=&#34;../../images/quick-start-guide/index/019_pipeline_properties_xslt.png&#34;&gt;
    &lt;figure style=&#34;margin-block-end: 0px&#34; &gt;
      
      &lt;img class=&#34;card-img-top&#34; src=&#34;../../images/quick-start-guide/index/019_pipeline_properties_xslt.png&#34; alt=&#34;images/quick-start-guide/index/019_pipeline_properties_xslt.png&#34;&gt;
      

      
      &lt;div class=&#34;card-body px-0 pt-2 pb-0&#34;&gt;
        &lt;hr style=&#34;border-top: 1px solid #ddd; margin-top: 0px; margin-bottom:4px;&#34;&gt;
        &lt;figcaption class=&#34;card-text&#34; style=&#34;font-size: smaller; text-align: center;&#34;&gt;Pipeline XSLT properties&lt;/figcaption&gt;
      &lt;/div&gt;
      
    &lt;/figure&gt;
  &lt;/a&gt;
&lt;/div&gt;

&lt;p&gt;Once that&amp;rsquo;s done you can save your new pipeline&lt;/p&gt;
&lt;p&gt;Next we need to create an XSLT that the &lt;code&gt;IndexingFilter&lt;/code&gt; understands.&lt;/p&gt;
&lt;p&gt;Open the feed we created in the quick-start guide if you find some processed data in your feed - i.e. browse the data&lt;/p&gt;







  
  
  
  
  







  



&lt;div class=&#34;card rounded shadow-stroom p-2 td-post-card mb-4 mt-4&#34; style=&#34;width: fit-content;&#34;&gt;

  &lt;a title=&#34;images/quick-start-guide/index/020_data_browsing.png&#34; href=&#34;../../images/quick-start-guide/index/020_data_browsing.png&#34;&gt;
    &lt;figure style=&#34;margin-block-end: 0px&#34; &gt;
      
      &lt;img class=&#34;card-img-top&#34; src=&#34;../../images/quick-start-guide/index/020_data_browsing.png&#34; alt=&#34;images/quick-start-guide/index/020_data_browsing.png&#34;&gt;
      

      
      &lt;div class=&#34;card-body px-0 pt-2 pb-0&#34;&gt;
        &lt;hr style=&#34;border-top: 1px solid #ddd; margin-top: 0px; margin-bottom:4px;&#34;&gt;
        &lt;figcaption class=&#34;card-text&#34; style=&#34;font-size: smaller; text-align: center;&#34;&gt;Data browsing&lt;/figcaption&gt;
      &lt;/div&gt;
      
    &lt;/figure&gt;
  &lt;/a&gt;
&lt;/div&gt;

&lt;p&gt;Click the stepping button 







&lt;img class=&#34;stroom-icon&#34; src=&#34;../../images/stroom-ui/stepping.svg&#34; width=&#34;16px&#34; title=&#34;Stepping&#34; alt=&#34;stepping.svg&#34;&gt;
&lt;/p&gt;
&lt;p&gt;Select your new pipeline&lt;/p&gt;







  
  
  
  
  







  



&lt;div class=&#34;card rounded shadow-stroom p-2 td-post-card mb-4 mt-4&#34; style=&#34;width: fit-content;&#34;&gt;

  &lt;a title=&#34;images/quick-start-guide/index/022_stepping_choose_pipeline.png&#34; href=&#34;../../images/quick-start-guide/index/022_stepping_choose_pipeline.png&#34;&gt;
    &lt;figure style=&#34;margin-block-end: 0px&#34; &gt;
      
      &lt;img class=&#34;card-img-top&#34; src=&#34;../../images/quick-start-guide/index/022_stepping_choose_pipeline.png&#34; alt=&#34;images/quick-start-guide/index/022_stepping_choose_pipeline.png&#34;&gt;
      

      
      &lt;div class=&#34;card-body px-0 pt-2 pb-0&#34;&gt;
        &lt;hr style=&#34;border-top: 1px solid #ddd; margin-top: 0px; margin-bottom:4px;&#34;&gt;
        &lt;figcaption class=&#34;card-text&#34; style=&#34;font-size: smaller; text-align: center;&#34;&gt;Stepping choose pipeline&lt;/figcaption&gt;
      &lt;/div&gt;
      
    &lt;/figure&gt;
  &lt;/a&gt;
&lt;/div&gt;

&lt;p&gt;Paste the following into your &lt;code&gt;xsltFilter&lt;/code&gt;&lt;/p&gt;
&lt;pre&gt;&lt;code class=&#34;language-xml&#34;&gt;&amp;lt;?xml version=&amp;quot;1.0&amp;quot; encoding=&amp;quot;UTF-8&amp;quot; ?&amp;gt;
&amp;lt;xsl:stylesheet
  xmlns=&amp;quot;records:2&amp;quot; xmlns:stroom=&amp;quot;stroom&amp;quot;
  xmlns:xsl=&amp;quot;http://www.w3.org/1999/XSL/Transform&amp;quot; xmlns:xsi=&amp;quot;http://www.w3.org/2001/XMLSchema-instance&amp;quot;
  version=&amp;quot;2.0&amp;quot;&amp;gt;
  &amp;lt;xsl:template match=&amp;quot;/Events&amp;quot;&amp;gt;
    &amp;lt;records xsi:schemaLocation=&amp;quot;records:2 file://records-v2.0.xsd&amp;quot;
      version=&amp;quot;2.0&amp;quot;&amp;gt;
      &amp;lt;xsl:apply-templates /&amp;gt;
    &amp;lt;/records&amp;gt;
  &amp;lt;/xsl:template&amp;gt;
  &amp;lt;xsl:template match=&amp;quot;Event&amp;quot;&amp;gt;
    &amp;lt;record&amp;gt;
      &amp;lt;data name=&amp;quot;StreamId&amp;quot;&amp;gt;
        &amp;lt;xsl:attribute name=&amp;quot;value&amp;quot; select=&amp;quot;@StreamId&amp;quot; /&amp;gt;
      &amp;lt;/data&amp;gt;
      &amp;lt;data name=&amp;quot;EventId&amp;quot;&amp;gt;
        &amp;lt;xsl:attribute name=&amp;quot;value&amp;quot; select=&amp;quot;@EventId&amp;quot; /&amp;gt;
      &amp;lt;/data&amp;gt;
      &amp;lt;xsl:apply-templates select=&amp;quot;*&amp;quot; /&amp;gt;
    &amp;lt;/record&amp;gt;
  &amp;lt;/xsl:template&amp;gt;
  &amp;lt;!-- Index the Id --&amp;gt;
  &amp;lt;xsl:template match=&amp;quot;Id&amp;quot;&amp;gt;
        &amp;lt;data name=&amp;quot;Id&amp;quot;&amp;gt;
          &amp;lt;xsl:attribute name=&amp;quot;value&amp;quot; select=&amp;quot;text()&amp;quot; /&amp;gt;
        &amp;lt;/data&amp;gt;
  &amp;lt;/xsl:template&amp;gt;
  &amp;lt;!-- Index the Guid --&amp;gt;
  &amp;lt;xsl:template match=&amp;quot;Guid&amp;quot;&amp;gt;
    &amp;lt;data name=&amp;quot;Guid&amp;quot;&amp;gt;
      &amp;lt;xsl:attribute name=&amp;quot;value&amp;quot; select=&amp;quot;text()&amp;quot; /&amp;gt;
    &amp;lt;/data&amp;gt;
  &amp;lt;/xsl:template&amp;gt;
  &amp;lt;!-- Index the FromIp --&amp;gt;
  &amp;lt;xsl:template match=&amp;quot;FromIp&amp;quot;&amp;gt;
    &amp;lt;data name=&amp;quot;FromIp&amp;quot;&amp;gt;
      &amp;lt;xsl:attribute name=&amp;quot;value&amp;quot; select=&amp;quot;text()&amp;quot; /&amp;gt;
    &amp;lt;/data&amp;gt;
  &amp;lt;/xsl:template&amp;gt;
  &amp;lt;!-- Index the ToIp --&amp;gt;
  &amp;lt;xsl:template match=&amp;quot;ToIp&amp;quot;&amp;gt;
    &amp;lt;data name=&amp;quot;ToIp&amp;quot;&amp;gt;
      &amp;lt;xsl:attribute name=&amp;quot;value&amp;quot; select=&amp;quot;text()&amp;quot; /&amp;gt;
    &amp;lt;/data&amp;gt;
  &amp;lt;/xsl:template&amp;gt;
  &amp;lt;!-- Index the Application --&amp;gt;
  &amp;lt;xsl:template match=&amp;quot;Application&amp;quot;&amp;gt;
    &amp;lt;data name=&amp;quot;Application&amp;quot;&amp;gt;
      &amp;lt;xsl:attribute name=&amp;quot;value&amp;quot; select=&amp;quot;text()&amp;quot; /&amp;gt;
    &amp;lt;/data&amp;gt;
  &amp;lt;/xsl:template&amp;gt;
&amp;lt;/xsl:stylesheet&amp;gt;
&lt;/code&gt;&lt;/pre&gt;
&lt;p&gt;Which should look like this&lt;/p&gt;







  
  
  
  
  







  



&lt;div class=&#34;card rounded shadow-stroom p-2 td-post-card mb-4 mt-4&#34; style=&#34;width: fit-content;&#34;&gt;

  &lt;a title=&#34;images/quick-start-guide/index/023_stepping_edit_xslt.png&#34; href=&#34;../../images/quick-start-guide/index/023_stepping_edit_xslt.png&#34;&gt;
    &lt;figure style=&#34;margin-block-end: 0px&#34; &gt;
      
      &lt;img class=&#34;card-img-top&#34; src=&#34;../../images/quick-start-guide/index/023_stepping_edit_xslt.png&#34; alt=&#34;images/quick-start-guide/index/023_stepping_edit_xslt.png&#34;&gt;
      

      
      &lt;div class=&#34;card-body px-0 pt-2 pb-0&#34;&gt;
        &lt;hr style=&#34;border-top: 1px solid #ddd; margin-top: 0px; margin-bottom:4px;&#34;&gt;
        &lt;figcaption class=&#34;card-text&#34; style=&#34;font-size: smaller; text-align: center;&#34;&gt;Stepping edit XSLT&lt;/figcaption&gt;
      &lt;/div&gt;
      
    &lt;/figure&gt;
  &lt;/a&gt;
&lt;/div&gt;

&lt;p&gt;What we are trying to do is turn the data into Stroom &lt;code&gt;record&lt;/code&gt; format. This is basically name value pairs that we pass to the index. Step through the data using the top right arrows to ensure the XSLT produces correct output.&lt;/p&gt;
&lt;p&gt;We&amp;rsquo;re nearly there for indexing the data - you just need to tell the pipeline to pick up all processed data and index it.&lt;/p&gt;
&lt;p&gt;Go back to your pipeline and go to the processors tab.&lt;/p&gt;







  
  
  
  
  







  



&lt;div class=&#34;card rounded shadow-stroom p-2 td-post-card mb-4 mt-4&#34; style=&#34;width: fit-content;&#34;&gt;

  &lt;a title=&#34;images/quick-start-guide/index/024_processors_list.png&#34; href=&#34;../../images/quick-start-guide/index/024_processors_list.png&#34;&gt;
    &lt;figure style=&#34;margin-block-end: 0px&#34; &gt;
      
      &lt;img class=&#34;card-img-top&#34; src=&#34;../../images/quick-start-guide/index/024_processors_list.png&#34; alt=&#34;images/quick-start-guide/index/024_processors_list.png&#34;&gt;
      

      
      &lt;div class=&#34;card-body px-0 pt-2 pb-0&#34;&gt;
        &lt;hr style=&#34;border-top: 1px solid #ddd; margin-top: 0px; margin-bottom:4px;&#34;&gt;
        &lt;figcaption class=&#34;card-text&#34; style=&#34;font-size: smaller; text-align: center;&#34;&gt;Processors&lt;/figcaption&gt;
      &lt;/div&gt;
      
    &lt;/figure&gt;
  &lt;/a&gt;
&lt;/div&gt;

&lt;p&gt;Add a filter using 







&lt;img class=&#34;stroom-icon&#34; src=&#34;../../images/stroom-ui/add.svg&#34; width=&#34;16px&#34; title=&#34;Add&#34; alt=&#34;add.svg&#34;&gt;
 and tell it to process all &lt;code&gt;Events&lt;/code&gt; data when the filter dialogue opens so it looks like this&lt;/p&gt;







  
  
  
  
  







  



&lt;div class=&#34;card rounded shadow-stroom p-2 td-post-card mb-4 mt-4&#34; style=&#34;width: fit-content;&#34;&gt;

  &lt;a title=&#34;images/quick-start-guide/index/025_stream_filter_edit.png&#34; href=&#34;../../images/quick-start-guide/index/025_stream_filter_edit.png&#34;&gt;
    &lt;figure style=&#34;margin-block-end: 0px&#34; &gt;
      
      &lt;img class=&#34;card-img-top&#34; src=&#34;../../images/quick-start-guide/index/025_stream_filter_edit.png&#34; alt=&#34;images/quick-start-guide/index/025_stream_filter_edit.png&#34;&gt;
      

      
      &lt;div class=&#34;card-body px-0 pt-2 pb-0&#34;&gt;
        &lt;hr style=&#34;border-top: 1px solid #ddd; margin-top: 0px; margin-bottom:4px;&#34;&gt;
        &lt;figcaption class=&#34;card-text&#34; style=&#34;font-size: smaller; text-align: center;&#34;&gt;Edit stream filter&lt;/figcaption&gt;
      &lt;/div&gt;
      
    &lt;/figure&gt;
  &lt;/a&gt;
&lt;/div&gt;

&lt;p&gt;Enable the processor and the filter by clicking the enabled tick boxes&lt;/p&gt;







  
  
  
  
  







  



&lt;div class=&#34;card rounded shadow-stroom p-2 td-post-card mb-4 mt-4&#34; style=&#34;width: fit-content;&#34;&gt;

  &lt;a title=&#34;images/quick-start-guide/index/026_processors_enable.png&#34; href=&#34;../../images/quick-start-guide/index/026_processors_enable.png&#34;&gt;
    &lt;figure style=&#34;margin-block-end: 0px&#34; &gt;
      
      &lt;img class=&#34;card-img-top&#34; src=&#34;../../images/quick-start-guide/index/026_processors_enable.png&#34; alt=&#34;images/quick-start-guide/index/026_processors_enable.png&#34;&gt;
      

      
      &lt;div class=&#34;card-body px-0 pt-2 pb-0&#34;&gt;
        &lt;hr style=&#34;border-top: 1px solid #ddd; margin-top: 0px; margin-bottom:4px;&#34;&gt;
        &lt;figcaption class=&#34;card-text&#34; style=&#34;font-size: smaller; text-align: center;&#34;&gt;Enable processors&lt;/figcaption&gt;
      &lt;/div&gt;
      
    &lt;/figure&gt;
  &lt;/a&gt;
&lt;/div&gt;

&lt;p&gt;Stroom should then index the data, assuming everything is correct&lt;/p&gt;
&lt;p&gt;If there are errors you&amp;rsquo;ll see error streams produced in the data browsing page, i.e. where you would normally see your processed and raw data.  If no errors have occurred, there will be no rows in the data page.&lt;/p&gt;
&lt;p&gt;If it all goes to plan you&amp;rsquo;ll see index shards appear if you open the index you created and click the shards tab.&lt;/p&gt;







  
  
  
  
  







  



&lt;div class=&#34;card rounded shadow-stroom p-2 td-post-card mb-4 mt-4&#34; style=&#34;width: fit-content;&#34;&gt;

  &lt;a title=&#34;images/quick-start-guide/index/027_index_shard_list.png&#34; href=&#34;../../images/quick-start-guide/index/027_index_shard_list.png&#34;&gt;
    &lt;figure style=&#34;margin-block-end: 0px&#34; &gt;
      
      &lt;img class=&#34;card-img-top&#34; src=&#34;../../images/quick-start-guide/index/027_index_shard_list.png&#34; alt=&#34;images/quick-start-guide/index/027_index_shard_list.png&#34;&gt;
      

      
      &lt;div class=&#34;card-body px-0 pt-2 pb-0&#34;&gt;
        &lt;hr style=&#34;border-top: 1px solid #ddd; margin-top: 0px; margin-bottom:4px;&#34;&gt;
        &lt;figcaption class=&#34;card-text&#34; style=&#34;font-size: smaller; text-align: center;&#34;&gt;Index shards&lt;/figcaption&gt;
      &lt;/div&gt;
      
    &lt;/figure&gt;
  &lt;/a&gt;
&lt;/div&gt;

&lt;p&gt;The document count doesn&amp;rsquo;t update immediately so don&amp;rsquo;t worry if the count is 0. The count is updated on shard flush and happens in the background.&lt;/p&gt;
&lt;p&gt;Now that we have finished indexing we can display data on a &lt;a href=&#34;../../docs/quick-start-guide/dashboard/&#34;&gt;dashboard&lt;/a&gt;.&lt;/p&gt;

      </description>
    </item>
    
  </channel>
</rss>
