<rss version="2.0" xmlns:atom="http://www.w3.org/2005/Atom">
  <channel>
    <title>Stroom – cluster</title>
    <link>/tags/cluster/</link>
    <description>Recent content in cluster on Stroom</description>
    <generator>Hugo -- gohugo.io</generator>
    <lastBuildDate>Tue, 27 Jul 2021 00:00:00 +0000</lastBuildDate>
    
	  <atom:link href="/tags/cluster/index.xml" rel="self" type="application/rss+xml" />
    
    
      
        
      
    
    
    <item>
      <title>Docs: Nodes</title>
      <link>/docs/user-guide/nodes/</link>
      <pubDate>Tue, 27 Jul 2021 00:00:00 +0000</pubDate>
      
      <guid>/docs/user-guide/nodes/</guid>
      <description>
        
        
        &lt;p&gt;All nodes in an Stroom cluster must be configured correctly for them to communicate with each other.&lt;/p&gt;
&lt;h2 id=&#34;configuring-nodes&#34;&gt;Configuring nodes&lt;/h2&gt;
&lt;p&gt;Open Monitoring/Nodes from the top menu. The nodes screen looks like this:&lt;/p&gt;

&lt;div class=&#34;alert alert-warning&#34; role=&#34;alert&#34;&gt;
&lt;h4 class=&#34;alert-heading&#34;&gt;TODO&lt;/h4&gt;

    Screenshot

&lt;/div&gt;

&lt;p&gt;You need to edit each line by selecting it and then clicking the edit 







&lt;img class=&#34;stroom-icon&#34; src=&#34;../../images/stroom-ui/edit.svg&#34; width=&#34;16px&#34; title=&#34;Edit&#34; alt=&#34;edit.svg&#34;&gt;
 icon at the bottom.
The URL for each node needs to be set as above but obviously substituting in the host name of the individual node, e.g. &lt;code&gt;http://&amp;lt;HOST_NAME&amp;gt;:8080/stroom/clustercall.rpc&lt;/code&gt;&lt;/p&gt;
&lt;p&gt;Nodes are expected communicate with each other on port 8080 over http.
Ensure you have configured your firewall to allow nodes to talk to each other over this port.
You can configure the URL to use a different port and possibly HTTPS but performance will be better with HTTP as no SSL termination is required.&lt;/p&gt;
&lt;p&gt;Once you have set the URLs of each node you should also set the master assignment priority for each node to be different to all of the others.
In the image above the priorities have been set in a random fashion to ensure that node3 assumes the role of master node for as long as it is enabled.
You also need to check all of the nodes are enabled that you want to take part in processing or any other jobs.&lt;/p&gt;
&lt;p&gt;Keep refreshing the table until all nodes show healthy pings as above.
If you do not get ping results for each node then they are not configured correctly.&lt;/p&gt;
&lt;p&gt;Once a cluster is configured correctly you will get proper distribution of processing tasks and search will be able to access all nodes to take part in a distributed query.&lt;/p&gt;

      </description>
    </item>
    
    <item>
      <title>Docs: Node Cluster URL Setup</title>
      <link>/docs/howtos/install/installnodeshowto/</link>
      <pubDate>Mon, 12 Jul 2021 00:00:00 +0000</pubDate>
      
      <guid>/docs/howtos/install/installnodeshowto/</guid>
      <description>
        
        
        &lt;p&gt;In a Stroom cluster, &lt;a href=&#34;../../docs/user-guide/nodes/&#34;&gt;Nodes&lt;/a&gt; are expected to communicate with each other on port 8080 over http. To facilitate this, we need to set each node&amp;rsquo;s Cluster URL and the following demonstrates this process.&lt;/p&gt;
&lt;h2 id=&#34;assumptions&#34;&gt;Assumptions&lt;/h2&gt;
&lt;ul&gt;
&lt;li&gt;an account with the &lt;code&gt;Administrator&lt;/code&gt; Application &lt;a href=&#34;../../docs/user-guide/roles/&#34;&gt;Permission&lt;/a&gt; is currently logged in.&lt;/li&gt;
&lt;li&gt;we have a multi node Stroom cluster with two nodes, &lt;code&gt;stroomp00&lt;/code&gt; and &lt;code&gt;stroomp01&lt;/code&gt;&lt;/li&gt;
&lt;li&gt;appropriate firewall configurations have been made&lt;/li&gt;
&lt;li&gt;in the scenario of adding a new node to our multi node deployment, the node added will be &lt;code&gt;stroomp02&lt;/code&gt;&lt;/li&gt;
&lt;/ul&gt;
&lt;h2 id=&#34;configure-two-nodes&#34;&gt;Configure Two Nodes&lt;/h2&gt;
&lt;p&gt;To configure the nodes, move to the &lt;code&gt;Monitoring&lt;/code&gt; item of the &lt;strong&gt;Main Menu&lt;/strong&gt; and select it to bring up the &lt;code&gt;Monitoring&lt;/code&gt; sub-menu.&lt;/p&gt;







  
  
  
  
  







  



&lt;div class=&#34;card rounded shadow-stroom p-2 td-post-card mb-4 mt-4&#34; style=&#34;width: fit-content;&#34;&gt;

  &lt;a title=&#34;images/HOWTOs/UI-MonitoringSubmenu-00.png&#34; href=&#34;../../images/HOWTOs/UI-MonitoringSubmenu-00.png&#34;&gt;
    &lt;figure style=&#34;margin-block-end: 0px&#34; &gt;
      
      &lt;img class=&#34;card-img-top&#34; src=&#34;../../images/HOWTOs/UI-MonitoringSubmenu-00.png&#34; alt=&#34;images/HOWTOs/UI-MonitoringSubmenu-00.png&#34;&gt;
      

      
      &lt;div class=&#34;card-body px-0 pt-2 pb-0&#34;&gt;
        &lt;hr style=&#34;border-top: 1px solid #ddd; margin-top: 0px; margin-bottom:4px;&#34;&gt;
        &lt;figcaption class=&#34;card-text&#34; style=&#34;font-size: smaller; text-align: center;&#34;&gt;Stroom UI Monitoring sub-menu&lt;/figcaption&gt;
      &lt;/div&gt;
      
    &lt;/figure&gt;
  &lt;/a&gt;
&lt;/div&gt;

&lt;p&gt;then move down and select the &lt;code&gt;Nodes&lt;/code&gt; sub-item to be presented with the &lt;code&gt;Nodes&lt;/code&gt; configuration tab as seen below.&lt;/p&gt;







  
  
  
  
  







  



&lt;div class=&#34;card rounded shadow-stroom p-2 td-post-card mb-4 mt-4&#34; style=&#34;width: fit-content;&#34;&gt;

  &lt;a title=&#34;images/HOWTOs/UI-NodeClusterSetup-01.png&#34; href=&#34;../../images/HOWTOs/UI-NodeClusterSetup-01.png&#34;&gt;
    &lt;figure style=&#34;margin-block-end: 0px&#34; &gt;
      
      &lt;img class=&#34;card-img-top&#34; src=&#34;../../images/HOWTOs/UI-NodeClusterSetup-01.png&#34; alt=&#34;images/HOWTOs/UI-NodeClusterSetup-01.png&#34;&gt;
      

      
      &lt;div class=&#34;card-body px-0 pt-2 pb-0&#34;&gt;
        &lt;hr style=&#34;border-top: 1px solid #ddd; margin-top: 0px; margin-bottom:4px;&#34;&gt;
        &lt;figcaption class=&#34;card-text&#34; style=&#34;font-size: smaller; text-align: center;&#34;&gt;Stroom UI Node Management - management tab&lt;/figcaption&gt;
      &lt;/div&gt;
      
    &lt;/figure&gt;
  &lt;/a&gt;
&lt;/div&gt;

&lt;p&gt;To set &lt;code&gt;stroomp00&lt;/code&gt;&amp;rsquo;s Cluster URL, move the it&amp;rsquo;s line in the display and select it. It will be highlighted.&lt;/p&gt;







  
  
  
  
  







  



&lt;div class=&#34;card rounded shadow-stroom p-2 td-post-card mb-4 mt-4&#34; style=&#34;width: fit-content;&#34;&gt;

  &lt;a title=&#34;images/HOWTOs/UI-NodeClusterSetup-02.png&#34; href=&#34;../../images/HOWTOs/UI-NodeClusterSetup-02.png&#34;&gt;
    &lt;figure style=&#34;margin-block-end: 0px&#34; &gt;
      
      &lt;img class=&#34;card-img-top&#34; src=&#34;../../images/HOWTOs/UI-NodeClusterSetup-02.png&#34; alt=&#34;images/HOWTOs/UI-NodeClusterSetup-02.png&#34;&gt;
      

      
      &lt;div class=&#34;card-body px-0 pt-2 pb-0&#34;&gt;
        &lt;hr style=&#34;border-top: 1px solid #ddd; margin-top: 0px; margin-bottom:4px;&#34;&gt;
        &lt;figcaption class=&#34;card-text&#34; style=&#34;font-size: smaller; text-align: center;&#34;&gt;Stroom UI Node Management - select first node&lt;/figcaption&gt;
      &lt;/div&gt;
      
    &lt;/figure&gt;
  &lt;/a&gt;
&lt;/div&gt;

&lt;p&gt;Then move the cursor to the &lt;em&gt;Edit Node&lt;/em&gt; icon 







&lt;img class=&#34;stroom-icon&#34; src=&#34;../../images/stroom-ui/edit.svg&#34; width=&#34;16px&#34; title=&#34;Edit&#34; alt=&#34;edit.svg&#34;&gt;
 in the top left of
the &lt;code&gt;Nodes&lt;/code&gt; tab and select it. On selection the &lt;code&gt;Edit Node&lt;/code&gt; configuration window will be displayed and into
the &lt;strong&gt;Cluster URL:&lt;/strong&gt; entry box, enter the first node&amp;rsquo;s URL of &lt;code&gt;http://stroomp00.strmdev00.org:8080/stroom/clustercall.rpc&lt;/code&gt;&lt;/p&gt;







  
  
  
  
  







  



&lt;div class=&#34;card rounded shadow-stroom p-2 td-post-card mb-4 mt-4&#34; style=&#34;width: fit-content;&#34;&gt;

  &lt;a title=&#34;images/HOWTOs/UI-NodeClusterSetup-03.png&#34; href=&#34;../../images/HOWTOs/UI-NodeClusterSetup-03.png&#34;&gt;
    &lt;figure style=&#34;margin-block-end: 0px&#34; &gt;
      
      &lt;img class=&#34;card-img-top&#34; src=&#34;../../images/HOWTOs/UI-NodeClusterSetup-03.png&#34; alt=&#34;images/HOWTOs/UI-NodeClusterSetup-03.png&#34;&gt;
      

      
      &lt;div class=&#34;card-body px-0 pt-2 pb-0&#34;&gt;
        &lt;hr style=&#34;border-top: 1px solid #ddd; margin-top: 0px; margin-bottom:4px;&#34;&gt;
        &lt;figcaption class=&#34;card-text&#34; style=&#34;font-size: smaller; text-align: center;&#34;&gt;Stroom UI Node Management - set clustercall url for first node&lt;/figcaption&gt;
      &lt;/div&gt;
      
    &lt;/figure&gt;
  &lt;/a&gt;
&lt;/div&gt;

&lt;p&gt;then press the







  
  
  
  
  







  



&lt;div class=&#34;card rounded shadow-stroom p-2 td-post-card mb-4 mt-4&#34; style=&#34;width: fit-content;&#34;&gt;

  &lt;a title=&#34;images/HOWTOs/icons/buttonOk.png&#34; href=&#34;../../images/HOWTOs/icons/buttonOk.png&#34;&gt;
    &lt;figure style=&#34;margin-block-end: 0px&#34; &gt;
      
      &lt;img class=&#34;card-img-top&#34; src=&#34;../../images/HOWTOs/icons/buttonOk.png&#34; alt=&#34;images/HOWTOs/icons/buttonOk.png&#34;&gt;
      

      
      &lt;div class=&#34;card-body px-0 pt-2 pb-0&#34;&gt;
        &lt;hr style=&#34;border-top: 1px solid #ddd; margin-top: 0px; margin-bottom:4px;&#34;&gt;
        &lt;figcaption class=&#34;card-text&#34; style=&#34;font-size: smaller; text-align: center;&#34;&gt;Stroom UI OkButton&lt;/figcaption&gt;
      &lt;/div&gt;
      
    &lt;/figure&gt;
  &lt;/a&gt;
&lt;/div&gt;

at which we see the &lt;em&gt;Cluster URL&lt;/em&gt; has been set for the first node as per&lt;/p&gt;







  
  
  
  
  







  



&lt;div class=&#34;card rounded shadow-stroom p-2 td-post-card mb-4 mt-4&#34; style=&#34;width: fit-content;&#34;&gt;

  &lt;a title=&#34;images/HOWTOs/UI-NodeClusterSetup-04.png&#34; href=&#34;../../images/HOWTOs/UI-NodeClusterSetup-04.png&#34;&gt;
    &lt;figure style=&#34;margin-block-end: 0px&#34; &gt;
      
      &lt;img class=&#34;card-img-top&#34; src=&#34;../../images/HOWTOs/UI-NodeClusterSetup-04.png&#34; alt=&#34;images/HOWTOs/UI-NodeClusterSetup-04.png&#34;&gt;
      

      
      &lt;div class=&#34;card-body px-0 pt-2 pb-0&#34;&gt;
        &lt;hr style=&#34;border-top: 1px solid #ddd; margin-top: 0px; margin-bottom:4px;&#34;&gt;
        &lt;figcaption class=&#34;card-text&#34; style=&#34;font-size: smaller; text-align: center;&#34;&gt;Stroom UI Node Management - set clustercall url on first node&lt;/figcaption&gt;
      &lt;/div&gt;
      
    &lt;/figure&gt;
  &lt;/a&gt;
&lt;/div&gt;

&lt;p&gt;We next select the second node&lt;/p&gt;







  
  
  
  
  







  



&lt;div class=&#34;card rounded shadow-stroom p-2 td-post-card mb-4 mt-4&#34; style=&#34;width: fit-content;&#34;&gt;

  &lt;a title=&#34;images/HOWTOs/UI-NodeClusterSetup-05.png&#34; href=&#34;../../images/HOWTOs/UI-NodeClusterSetup-05.png&#34;&gt;
    &lt;figure style=&#34;margin-block-end: 0px&#34; &gt;
      
      &lt;img class=&#34;card-img-top&#34; src=&#34;../../images/HOWTOs/UI-NodeClusterSetup-05.png&#34; alt=&#34;images/HOWTOs/UI-NodeClusterSetup-05.png&#34;&gt;
      

      
      &lt;div class=&#34;card-body px-0 pt-2 pb-0&#34;&gt;
        &lt;hr style=&#34;border-top: 1px solid #ddd; margin-top: 0px; margin-bottom:4px;&#34;&gt;
        &lt;figcaption class=&#34;card-text&#34; style=&#34;font-size: smaller; text-align: center;&#34;&gt;Stroom UI Node Management - select second node&lt;/figcaption&gt;
      &lt;/div&gt;
      
    &lt;/figure&gt;
  &lt;/a&gt;
&lt;/div&gt;

&lt;p&gt;then move the cursor to the &lt;em&gt;Edit Node&lt;/em&gt; icon 







&lt;img class=&#34;stroom-icon&#34; src=&#34;../../images/stroom-ui/edit.svg&#34; width=&#34;16px&#34; title=&#34;Edit&#34; alt=&#34;edit.svg&#34;&gt;
 in the top left of
the &lt;code&gt;Nodes&lt;/code&gt; tab and select it. On selection the &lt;code&gt;Edit Node&lt;/code&gt; configuration window will be displayed and into
the &lt;strong&gt;Cluster URL:&lt;/strong&gt; entry box, enter the second node&amp;rsquo;s URL of &lt;code&gt;http://stroomp01.strmdev00.org:8080/stroom/clustercall.rpc&lt;/code&gt;&lt;/p&gt;







  
  
  
  
  







  



&lt;div class=&#34;card rounded shadow-stroom p-2 td-post-card mb-4 mt-4&#34; style=&#34;width: fit-content;&#34;&gt;

  &lt;a title=&#34;images/HOWTOs/UI-NodeClusterSetup-06.png&#34; href=&#34;../../images/HOWTOs/UI-NodeClusterSetup-06.png&#34;&gt;
    &lt;figure style=&#34;margin-block-end: 0px&#34; &gt;
      
      &lt;img class=&#34;card-img-top&#34; src=&#34;../../images/HOWTOs/UI-NodeClusterSetup-06.png&#34; alt=&#34;images/HOWTOs/UI-NodeClusterSetup-06.png&#34;&gt;
      

      
      &lt;div class=&#34;card-body px-0 pt-2 pb-0&#34;&gt;
        &lt;hr style=&#34;border-top: 1px solid #ddd; margin-top: 0px; margin-bottom:4px;&#34;&gt;
        &lt;figcaption class=&#34;card-text&#34; style=&#34;font-size: smaller; text-align: center;&#34;&gt;Stroom UI Node Management - set clustercall url for second node&lt;/figcaption&gt;
      &lt;/div&gt;
      
    &lt;/figure&gt;
  &lt;/a&gt;
&lt;/div&gt;

&lt;p&gt;then press the







  
  
  
  
  







  



&lt;div class=&#34;card rounded shadow-stroom p-2 td-post-card mb-4 mt-4&#34; style=&#34;width: fit-content;&#34;&gt;

  &lt;a title=&#34;images/HOWTOs/icons/buttonOk.png&#34; href=&#34;../../images/HOWTOs/icons/buttonOk.png&#34;&gt;
    &lt;figure style=&#34;margin-block-end: 0px&#34; &gt;
      
      &lt;img class=&#34;card-img-top&#34; src=&#34;../../images/HOWTOs/icons/buttonOk.png&#34; alt=&#34;images/HOWTOs/icons/buttonOk.png&#34;&gt;
      

      
      &lt;div class=&#34;card-body px-0 pt-2 pb-0&#34;&gt;
        &lt;hr style=&#34;border-top: 1px solid #ddd; margin-top: 0px; margin-bottom:4px;&#34;&gt;
        &lt;figcaption class=&#34;card-text&#34; style=&#34;font-size: smaller; text-align: center;&#34;&gt;Stroom UI OkButton&lt;/figcaption&gt;
      &lt;/div&gt;
      
    &lt;/figure&gt;
  &lt;/a&gt;
&lt;/div&gt;
&lt;/p&gt;
&lt;p&gt;At this we will see both nodes have the &lt;strong&gt;Cluster URLs&lt;/strong&gt; set.&lt;/p&gt;
&lt;p&gt;






  
  
  
  
  







  



&lt;div class=&#34;card rounded shadow-stroom p-2 td-post-card mb-4 mt-4&#34; style=&#34;width: fit-content;&#34;&gt;

  &lt;a title=&#34;images/HOWTOs/UI-NodeClusterSetup-07.png&#34; href=&#34;../../images/HOWTOs/UI-NodeClusterSetup-07.png&#34;&gt;
    &lt;figure style=&#34;margin-block-end: 0px&#34; &gt;
      
      &lt;img class=&#34;card-img-top&#34; src=&#34;../../images/HOWTOs/UI-NodeClusterSetup-07.png&#34; alt=&#34;images/HOWTOs/UI-NodeClusterSetup-07.png&#34;&gt;
      

      
      &lt;div class=&#34;card-body px-0 pt-2 pb-0&#34;&gt;
        &lt;hr style=&#34;border-top: 1px solid #ddd; margin-top: 0px; margin-bottom:4px;&#34;&gt;
        &lt;figcaption class=&#34;card-text&#34; style=&#34;font-size: smaller; text-align: center;&#34;&gt;Stroom UI Node Management - both nodes setup&lt;/figcaption&gt;
      &lt;/div&gt;
      
    &lt;/figure&gt;
  &lt;/a&gt;
&lt;/div&gt;
.&lt;/p&gt;
&lt;p&gt;You may need to press the &lt;em&gt;Refresh&lt;/em&gt; icon 







&lt;img class=&#34;stroom-icon&#34; src=&#34;../../images/stroom-ui/refresh.svg&#34; width=&#34;16px&#34; title=&#34;Refresh&#34; alt=&#34;refresh.svg&#34;&gt;
 found at top left of &lt;code&gt;Nodes&lt;/code&gt; configuration tab, until both nodes show healthy pings.&lt;/p&gt;
&lt;p&gt;






  
  
  
  
  







  



&lt;div class=&#34;card rounded shadow-stroom p-2 td-post-card mb-4 mt-4&#34; style=&#34;width: fit-content;&#34;&gt;

  &lt;a title=&#34;images/HOWTOs/UI-NodeClusterSetup-08.png&#34; href=&#34;../../images/HOWTOs/UI-NodeClusterSetup-08.png&#34;&gt;
    &lt;figure style=&#34;margin-block-end: 0px&#34; &gt;
      
      &lt;img class=&#34;card-img-top&#34; src=&#34;../../images/HOWTOs/UI-NodeClusterSetup-08.png&#34; alt=&#34;images/HOWTOs/UI-NodeClusterSetup-08.png&#34;&gt;
      

      
      &lt;div class=&#34;card-body px-0 pt-2 pb-0&#34;&gt;
        &lt;hr style=&#34;border-top: 1px solid #ddd; margin-top: 0px; margin-bottom:4px;&#34;&gt;
        &lt;figcaption class=&#34;card-text&#34; style=&#34;font-size: smaller; text-align: center;&#34;&gt;Stroom UI Node Management - both nodes ping&lt;/figcaption&gt;
      &lt;/div&gt;
      
    &lt;/figure&gt;
  &lt;/a&gt;
&lt;/div&gt;
.&lt;/p&gt;
&lt;p&gt;If you do not get ping results for each node, then they are not configured correctly. In that situation,
review all log files and processes that you have performed.&lt;/p&gt;
&lt;p&gt;Once you have set the Cluster URLs of each node you should also set the &lt;em&gt;master assignment priority&lt;/em&gt; for each node to
be different to all of the others. In the image above both have been assigned equal priority - &lt;code&gt;1&lt;/code&gt;. We will
change &lt;code&gt;stroomp00&lt;/code&gt; to have a different priority - &lt;code&gt;3&lt;/code&gt;. You should note that the node with the highest
priority gains the &lt;code&gt;Master&lt;/code&gt; node status.&lt;/p&gt;
&lt;p&gt;






  
  
  
  
  







  



&lt;div class=&#34;card rounded shadow-stroom p-2 td-post-card mb-4 mt-4&#34; style=&#34;width: fit-content;&#34;&gt;

  &lt;a title=&#34;images/HOWTOs/UI-NodeClusterSetup-09.png&#34; href=&#34;../../images/HOWTOs/UI-NodeClusterSetup-09.png&#34;&gt;
    &lt;figure style=&#34;margin-block-end: 0px&#34; &gt;
      
      &lt;img class=&#34;card-img-top&#34; src=&#34;../../images/HOWTOs/UI-NodeClusterSetup-09.png&#34; alt=&#34;images/HOWTOs/UI-NodeClusterSetup-09.png&#34;&gt;
      

      
      &lt;div class=&#34;card-body px-0 pt-2 pb-0&#34;&gt;
        &lt;hr style=&#34;border-top: 1px solid #ddd; margin-top: 0px; margin-bottom:4px;&#34;&gt;
        &lt;figcaption class=&#34;card-text&#34; style=&#34;font-size: smaller; text-align: center;&#34;&gt;Stroom UI Node Management - set node priorities&lt;/figcaption&gt;
      &lt;/div&gt;
      
    &lt;/figure&gt;
  &lt;/a&gt;
&lt;/div&gt;
.&lt;/p&gt;
&lt;h2 id=&#34;configure-new-node&#34;&gt;Configure New Node&lt;/h2&gt;
&lt;p&gt;When one expands a Multi Node Stroom cluster deployment, after the installation of the Stroom Proxy and Application software and services on
the new node, one has to configure the new node&amp;rsquo;s Cluster URL.&lt;/p&gt;
&lt;p&gt;To configure the new node, move to the &lt;code&gt;Monitoring&lt;/code&gt; item of the &lt;strong&gt;Main Menu&lt;/strong&gt; and select it to bring up the &lt;code&gt;Monitoring&lt;/code&gt; sub-menu.&lt;/p&gt;







  
  
  
  
  







  



&lt;div class=&#34;card rounded shadow-stroom p-2 td-post-card mb-4 mt-4&#34; style=&#34;width: fit-content;&#34;&gt;

  &lt;a title=&#34;images/HOWTOs/UI-MonitoringSubmenu-00.png&#34; href=&#34;../../images/HOWTOs/UI-MonitoringSubmenu-00.png&#34;&gt;
    &lt;figure style=&#34;margin-block-end: 0px&#34; &gt;
      
      &lt;img class=&#34;card-img-top&#34; src=&#34;../../images/HOWTOs/UI-MonitoringSubmenu-00.png&#34; alt=&#34;images/HOWTOs/UI-MonitoringSubmenu-00.png&#34;&gt;
      

      
      &lt;div class=&#34;card-body px-0 pt-2 pb-0&#34;&gt;
        &lt;hr style=&#34;border-top: 1px solid #ddd; margin-top: 0px; margin-bottom:4px;&#34;&gt;
        &lt;figcaption class=&#34;card-text&#34; style=&#34;font-size: smaller; text-align: center;&#34;&gt;Stroom UI Monitoring sub-menu&lt;/figcaption&gt;
      &lt;/div&gt;
      
    &lt;/figure&gt;
  &lt;/a&gt;
&lt;/div&gt;

&lt;p&gt;then move down and select the &lt;code&gt;Nodes&lt;/code&gt; sub-item to be presented with the &lt;code&gt;Nodes&lt;/code&gt; configuration tab as seen below.&lt;/p&gt;







  
  
  
  
  







  



&lt;div class=&#34;card rounded shadow-stroom p-2 td-post-card mb-4 mt-4&#34; style=&#34;width: fit-content;&#34;&gt;

  &lt;a title=&#34;images/HOWTOs/UI-AddNewNode-00.png&#34; href=&#34;../../images/HOWTOs/UI-AddNewNode-00.png&#34;&gt;
    &lt;figure style=&#34;margin-block-end: 0px&#34; &gt;
      
      &lt;img class=&#34;card-img-top&#34; src=&#34;../../images/HOWTOs/UI-AddNewNode-00.png&#34; alt=&#34;images/HOWTOs/UI-AddNewNode-00.png&#34;&gt;
      

      
      &lt;div class=&#34;card-body px-0 pt-2 pb-0&#34;&gt;
        &lt;hr style=&#34;border-top: 1px solid #ddd; margin-top: 0px; margin-bottom:4px;&#34;&gt;
        &lt;figcaption class=&#34;card-text&#34; style=&#34;font-size: smaller; text-align: center;&#34;&gt;Stroom UI New Node Management - management tab&lt;/figcaption&gt;
      &lt;/div&gt;
      
    &lt;/figure&gt;
  &lt;/a&gt;
&lt;/div&gt;

&lt;p&gt;To set &lt;code&gt;stroomp02&lt;/code&gt;&amp;rsquo;s Cluster URL, move the it&amp;rsquo;s line in the display and select it. It will be highlighted.&lt;/p&gt;







  
  
  
  
  







  



&lt;div class=&#34;card rounded shadow-stroom p-2 td-post-card mb-4 mt-4&#34; style=&#34;width: fit-content;&#34;&gt;

  &lt;a title=&#34;images/HOWTOs/UI-AddNewNode-01.png&#34; href=&#34;../../images/HOWTOs/UI-AddNewNode-01.png&#34;&gt;
    &lt;figure style=&#34;margin-block-end: 0px&#34; &gt;
      
      &lt;img class=&#34;card-img-top&#34; src=&#34;../../images/HOWTOs/UI-AddNewNode-01.png&#34; alt=&#34;images/HOWTOs/UI-AddNewNode-01.png&#34;&gt;
      

      
      &lt;div class=&#34;card-body px-0 pt-2 pb-0&#34;&gt;
        &lt;hr style=&#34;border-top: 1px solid #ddd; margin-top: 0px; margin-bottom:4px;&#34;&gt;
        &lt;figcaption class=&#34;card-text&#34; style=&#34;font-size: smaller; text-align: center;&#34;&gt;Stroom UI Node Management - select new node&lt;/figcaption&gt;
      &lt;/div&gt;
      
    &lt;/figure&gt;
  &lt;/a&gt;
&lt;/div&gt;

&lt;p&gt;Then move the cursor to the &lt;em&gt;Edit Node&lt;/em&gt; icon 







&lt;img class=&#34;stroom-icon&#34; src=&#34;../../images/stroom-ui/edit.svg&#34; width=&#34;16px&#34; title=&#34;Edit&#34; alt=&#34;edit.svg&#34;&gt;
 in the top left
of the &lt;code&gt;Nodes&lt;/code&gt; tab and select it. On selection the &lt;code&gt;Edit Node&lt;/code&gt; configuration window will be displayed
and into the &lt;strong&gt;Cluster URL:&lt;/strong&gt; entry box, enter the first node&amp;rsquo;s URL of &lt;code&gt;http://stroomp02.strmdev00.org:8080/stroom/clustercall.rpc&lt;/code&gt;&lt;/p&gt;







  
  
  
  
  







  



&lt;div class=&#34;card rounded shadow-stroom p-2 td-post-card mb-4 mt-4&#34; style=&#34;width: fit-content;&#34;&gt;

  &lt;a title=&#34;images/HOWTOs/UI-AddNewNode-02.png&#34; href=&#34;../../images/HOWTOs/UI-AddNewNode-02.png&#34;&gt;
    &lt;figure style=&#34;margin-block-end: 0px&#34; &gt;
      
      &lt;img class=&#34;card-img-top&#34; src=&#34;../../images/HOWTOs/UI-AddNewNode-02.png&#34; alt=&#34;images/HOWTOs/UI-AddNewNode-02.png&#34;&gt;
      

      
      &lt;div class=&#34;card-body px-0 pt-2 pb-0&#34;&gt;
        &lt;hr style=&#34;border-top: 1px solid #ddd; margin-top: 0px; margin-bottom:4px;&#34;&gt;
        &lt;figcaption class=&#34;card-text&#34; style=&#34;font-size: smaller; text-align: center;&#34;&gt;Stroom UI New Node Management - set clustercall url for new node&lt;/figcaption&gt;
      &lt;/div&gt;
      
    &lt;/figure&gt;
  &lt;/a&gt;
&lt;/div&gt;

&lt;p&gt;then press the







  
  
  
  
  







  



&lt;div class=&#34;card rounded shadow-stroom p-2 td-post-card mb-4 mt-4&#34; style=&#34;width: fit-content;&#34;&gt;

  &lt;a title=&#34;images/HOWTOs/icons/buttonOk.png&#34; href=&#34;../../images/HOWTOs/icons/buttonOk.png&#34;&gt;
    &lt;figure style=&#34;margin-block-end: 0px&#34; &gt;
      
      &lt;img class=&#34;card-img-top&#34; src=&#34;../../images/HOWTOs/icons/buttonOk.png&#34; alt=&#34;images/HOWTOs/icons/buttonOk.png&#34;&gt;
      

      
      &lt;div class=&#34;card-body px-0 pt-2 pb-0&#34;&gt;
        &lt;hr style=&#34;border-top: 1px solid #ddd; margin-top: 0px; margin-bottom:4px;&#34;&gt;
        &lt;figcaption class=&#34;card-text&#34; style=&#34;font-size: smaller; text-align: center;&#34;&gt;Stroom UI OkButton&lt;/figcaption&gt;
      &lt;/div&gt;
      
    &lt;/figure&gt;
  &lt;/a&gt;
&lt;/div&gt;

button at which we see the &lt;em&gt;Cluster URL&lt;/em&gt; has been set for the first node as per&lt;/p&gt;







  
  
  
  
  







  



&lt;div class=&#34;card rounded shadow-stroom p-2 td-post-card mb-4 mt-4&#34; style=&#34;width: fit-content;&#34;&gt;

  &lt;a title=&#34;images/HOWTOs/UI-AddNewNode-03.png&#34; href=&#34;../../images/HOWTOs/UI-AddNewNode-03.png&#34;&gt;
    &lt;figure style=&#34;margin-block-end: 0px&#34; &gt;
      
      &lt;img class=&#34;card-img-top&#34; src=&#34;../../images/HOWTOs/UI-AddNewNode-03.png&#34; alt=&#34;images/HOWTOs/UI-AddNewNode-03.png&#34;&gt;
      

      
      &lt;div class=&#34;card-body px-0 pt-2 pb-0&#34;&gt;
        &lt;hr style=&#34;border-top: 1px solid #ddd; margin-top: 0px; margin-bottom:4px;&#34;&gt;
        &lt;figcaption class=&#34;card-text&#34; style=&#34;font-size: smaller; text-align: center;&#34;&gt;Stroom UI New Node Management - set clustercall url on new node&lt;/figcaption&gt;
      &lt;/div&gt;
      
    &lt;/figure&gt;
  &lt;/a&gt;
&lt;/div&gt;

&lt;p&gt;You need to press the &lt;em&gt;Refresh&lt;/em&gt; icon 







&lt;img class=&#34;stroom-icon&#34; src=&#34;../../images/stroom-ui/refresh.svg&#34; width=&#34;16px&#34; title=&#34;Refresh&#34; alt=&#34;refresh.svg&#34;&gt;
 found at top left of &lt;code&gt;Nodes&lt;/code&gt; configuration tab, until the new node shows a healthy ping.&lt;/p&gt;
&lt;p&gt;






  
  
  
  
  







  



&lt;div class=&#34;card rounded shadow-stroom p-2 td-post-card mb-4 mt-4&#34; style=&#34;width: fit-content;&#34;&gt;

  &lt;a title=&#34;images/HOWTOs/UI-AddNewNode-04.png&#34; href=&#34;../../images/HOWTOs/UI-AddNewNode-04.png&#34;&gt;
    &lt;figure style=&#34;margin-block-end: 0px&#34; &gt;
      
      &lt;img class=&#34;card-img-top&#34; src=&#34;../../images/HOWTOs/UI-AddNewNode-04.png&#34; alt=&#34;images/HOWTOs/UI-AddNewNode-04.png&#34;&gt;
      

      
      &lt;div class=&#34;card-body px-0 pt-2 pb-0&#34;&gt;
        &lt;hr style=&#34;border-top: 1px solid #ddd; margin-top: 0px; margin-bottom:4px;&#34;&gt;
        &lt;figcaption class=&#34;card-text&#34; style=&#34;font-size: smaller; text-align: center;&#34;&gt;Stroom UI New Node Management - all nodes ping&lt;/figcaption&gt;
      &lt;/div&gt;
      
    &lt;/figure&gt;
  &lt;/a&gt;
&lt;/div&gt;
.&lt;/p&gt;
&lt;p&gt;If you do not get a ping results for the new node, then it is not configured correctly. In that situation, review all log files
and processes that you have performed.&lt;/p&gt;
&lt;p&gt;Once you have set the Cluster URL you should also set the &lt;em&gt;master assignment priority&lt;/em&gt; for each node to
be different to all of the others. In the image above both &lt;code&gt;stroomp01&lt;/code&gt; and the new node, &lt;code&gt;stroomp02&lt;/code&gt;, have been
assigned equal priority - &lt;code&gt;1&lt;/code&gt;. We will change &lt;code&gt;stroomp01&lt;/code&gt; to have a different priority - &lt;code&gt;2&lt;/code&gt;. You should note that the node
with the highest priority maintains the &lt;code&gt;Master&lt;/code&gt; node status.&lt;/p&gt;
&lt;p&gt;






  
  
  
  
  







  



&lt;div class=&#34;card rounded shadow-stroom p-2 td-post-card mb-4 mt-4&#34; style=&#34;width: fit-content;&#34;&gt;

  &lt;a title=&#34;images/HOWTOs/UI-AddNewNode-05.png&#34; href=&#34;../../images/HOWTOs/UI-AddNewNode-05.png&#34;&gt;
    &lt;figure style=&#34;margin-block-end: 0px&#34; &gt;
      
      &lt;img class=&#34;card-img-top&#34; src=&#34;../../images/HOWTOs/UI-AddNewNode-05.png&#34; alt=&#34;images/HOWTOs/UI-AddNewNode-05.png&#34;&gt;
      

      
      &lt;div class=&#34;card-body px-0 pt-2 pb-0&#34;&gt;
        &lt;hr style=&#34;border-top: 1px solid #ddd; margin-top: 0px; margin-bottom:4px;&#34;&gt;
        &lt;figcaption class=&#34;card-text&#34; style=&#34;font-size: smaller; text-align: center;&#34;&gt;Stroom UI New Node Management - set node priorities&lt;/figcaption&gt;
      &lt;/div&gt;
      
    &lt;/figure&gt;
  &lt;/a&gt;
&lt;/div&gt;
.&lt;/p&gt;

      </description>
    </item>
    
  </channel>
</rss>
