<rss version="2.0" xmlns:atom="http://www.w3.org/2005/Atom">
  <channel>
    <title>Stroom – http</title>
    <link>/tags/http/</link>
    <description>Recent content in http on Stroom</description>
    <generator>Hugo -- gohugo.io</generator>
    <lastBuildDate>Tue, 27 Jul 2021 00:00:00 +0000</lastBuildDate>
    
	  <atom:link href="/tags/http/index.xml" rel="self" type="application/rss+xml" />
    
    
      
        
      
    
    
    <item>
      <title>Docs: Header Arguments</title>
      <link>/docs/sending-data/header-arguments/</link>
      <pubDate>Tue, 27 Jul 2021 00:00:00 +0000</pubDate>
      
      <guid>/docs/sending-data/header-arguments/</guid>
      <description>
        
        
        &lt;p&gt;The following data must be passed in as HTTP header arguments when sending files to Stroom via HTTP POST. These arguments are case insensitive.&lt;/p&gt;
&lt;ul&gt;
&lt;li&gt;
&lt;p&gt;&lt;code&gt;System&lt;/code&gt; - The name by which the system is known within the organisation, e.g. &lt;code&gt;PAYROLL_SYSTEM&lt;/code&gt;. This could be the name of a project/service or capability.&lt;/p&gt;
&lt;/li&gt;
&lt;li&gt;
&lt;p&gt;&lt;code&gt;Environment&lt;/code&gt; - A means to identify the deployed instance of a system. This may indicate the deployment status, e.g. DEV, REF, LIVE, OPS, etc., and/or the location where the instance is deployed. An environment may be a combination of these attributes separated with an underscore.&lt;/p&gt;
&lt;/li&gt;
&lt;li&gt;
&lt;p&gt;&lt;code&gt;Feed&lt;/code&gt; - The name of the feed this data relates to. This is mandatory and must match a feed defined within Stroom in order for Stroom to accept the data and know what to do with it.&lt;/p&gt;
&lt;/li&gt;
&lt;li&gt;
&lt;p&gt;&lt;code&gt;Compression&lt;/code&gt; - This token is optionally used when the POST payload is compressed with either gzip of zip compression. Value of &lt;code&gt;ZIP&lt;/code&gt; and &lt;code&gt;GZIP&lt;/code&gt; are valid. &lt;strong&gt;Note&lt;/strong&gt;: The &lt;code&gt;Compression&lt;/code&gt; token MUST not be used in conjunction with the standard HTTP header token &lt;code&gt;Content-Encoding&lt;/code&gt; otherwise stroom will be unable to un-compress the data. Use either &lt;code&gt;Compression:GZIP&lt;/code&gt; or &lt;code&gt;Content-Encoding:gzip&lt;/code&gt;, not both. Using &lt;code&gt;Compression&lt;/code&gt; is preferred.&lt;/p&gt;
&lt;/li&gt;
&lt;li&gt;
&lt;p&gt;&lt;code&gt;EffectiveTime&lt;/code&gt; - This is only applicable to reference data. It is used to indicate the point in time that the reference data is applicable to, i.e. all event data that uses the reference data that is created after the effective time will use the reference data until a new reference data item arrives with a later effective time. &lt;strong&gt;Note&lt;/strong&gt;: This argument must be in &lt;em&gt;ISO 8601&lt;/em&gt; date time format, i.e: &lt;code&gt;yyyy-MM-ddTHH:mm:ss.sssZ&lt;/code&gt;.&lt;/p&gt;
&lt;/li&gt;
&lt;/ul&gt;
&lt;p&gt;Example header arguments for a feed called &lt;em&gt;MY_SYSTEM-EVENTS&lt;/em&gt; from system &lt;em&gt;MY_SYSTEM&lt;/em&gt; and environment &lt;em&gt;OPS&lt;/em&gt;&lt;/p&gt;
&lt;pre&gt;&lt;code class=&#34;language-text&#34;&gt;System:MY_SYSTEM
Environment:OPS
Feed:MY_SYSTEM-EVENTS
&lt;/code&gt;&lt;/pre&gt;
&lt;p&gt;The post payload must contain the events file. If the compression format is ZIP the payload must contain ZIP entries with the events files and optional context files ending in .ctx. Further details of supported payload formats can be found &lt;a href=&#34;../../docs/sending-data/payloads/&#34;&gt;here&lt;/a&gt;.&lt;/p&gt;

      </description>
    </item>
    
    <item>
      <title>Docs: Response Codes</title>
      <link>/docs/sending-data/response-codes/</link>
      <pubDate>Tue, 27 Jul 2021 00:00:00 +0000</pubDate>
      
      <guid>/docs/sending-data/response-codes/</guid>
      <description>
        
        
        &lt;p&gt;Stroom will return a HTTP response code to indicate success or failure.
An additional response Header &amp;ldquo;Stroom-Status&amp;rdquo; will indicate a more precise error message code.
A user readable message will appear in the response body.&lt;/p&gt;
&lt;table&gt;
&lt;thead&gt;
&lt;tr&gt;
&lt;th&gt;HTTP Status&lt;/th&gt;
&lt;th&gt;Stroom-Status&lt;/th&gt;
&lt;th&gt;Message&lt;/th&gt;
&lt;th&gt;Reason&lt;/th&gt;
&lt;/tr&gt;
&lt;/thead&gt;
&lt;tbody&gt;
&lt;tr&gt;
&lt;td&gt;200&lt;/td&gt;
&lt;td&gt;0&lt;/td&gt;
&lt;td&gt;OK&lt;/td&gt;
&lt;td&gt;Post of data successful&lt;/td&gt;
&lt;/tr&gt;
&lt;tr&gt;
&lt;td&gt;406&lt;/td&gt;
&lt;td&gt;100&lt;/td&gt;
&lt;td&gt;Feed must be specified&lt;/td&gt;
&lt;td&gt;You must provide Feed as a header argument in the request&lt;/td&gt;
&lt;/tr&gt;
&lt;tr&gt;
&lt;td&gt;406&lt;/td&gt;
&lt;td&gt;110&lt;/td&gt;
&lt;td&gt;Feed is not set to receive data&lt;/td&gt;
&lt;td&gt;The feed you have provided is not setup to receive data (maybe does not exist or is set to reject)&lt;/td&gt;
&lt;/tr&gt;
&lt;tr&gt;
&lt;td&gt;406&lt;/td&gt;
&lt;td&gt;200&lt;/td&gt;
&lt;td&gt;Unknown compression&lt;/td&gt;
&lt;td&gt;Compression argument must be one of ZIP, GZIP and NONE&lt;/td&gt;
&lt;/tr&gt;
&lt;tr&gt;
&lt;td&gt;401&lt;/td&gt;
&lt;td&gt;300&lt;/td&gt;
&lt;td&gt;Client Certificate Required&lt;/td&gt;
&lt;td&gt;The feed you have provided requires a client HTTPS certificate to send data&lt;/td&gt;
&lt;/tr&gt;
&lt;tr&gt;
&lt;td&gt;403&lt;/td&gt;
&lt;td&gt;310&lt;/td&gt;
&lt;td&gt;Client Certificate not authorised&lt;/td&gt;
&lt;td&gt;The feed you have provided does not allow your client certificate to send data&lt;/td&gt;
&lt;/tr&gt;
&lt;tr&gt;
&lt;td&gt;500&lt;/td&gt;
&lt;td&gt;400&lt;/td&gt;
&lt;td&gt;Compressed stream invalid&lt;/td&gt;
&lt;td&gt;The stream of data sent does not form a valid compressed file.  Maybe it terminated unexpectedly or is corrupt.&lt;/td&gt;
&lt;/tr&gt;
&lt;tr&gt;
&lt;td&gt;500&lt;/td&gt;
&lt;td&gt;999&lt;/td&gt;
&lt;td&gt;Unknown error&lt;/td&gt;
&lt;td&gt;An unknown unexpected error occurred&lt;/td&gt;
&lt;/tr&gt;
&lt;/tbody&gt;
&lt;/table&gt;
&lt;p&gt;In the event that data is not successfully received by Stroom, i.e. the response code is not 200, the client system should buffer data and keep trying to re-send it.
Data should only be removed from the client system when it has been sent successfully.&lt;/p&gt;

      </description>
    </item>
    
  </channel>
</rss>
