<rss version="2.0" xmlns:atom="http://www.w3.org/2005/Atom">
  <channel>
    <title>Stroom – style</title>
    <link>/tags/style/</link>
    <description>Recent content in style on Stroom</description>
    <generator>Hugo -- gohugo.io</generator>
    <lastBuildDate>Tue, 20 Jul 2021 00:00:00 +0000</lastBuildDate>
    
	  <atom:link href="/tags/style/index.xml" rel="self" type="application/rss+xml" />
    
    
      
        
      
    
    
    <item>
      <title>Community: Documentation Style Guide</title>
      <link>/community/documentation/style-guide/</link>
      <pubDate>Mon, 01 Jan 0001 00:00:00 +0000</pubDate>
      
      <guid>/community/documentation/style-guide/</guid>
      <description>
        
        
        &lt;h2 id=&#34;overview&#34;&gt;Overview&lt;/h2&gt;
&lt;p&gt;Stroom&amp;rsquo;s documentation is created using the static site generator &lt;a href=&#34;https://gohugo.io/&#34;&gt;Hugo (external link)&lt;/a&gt;.
This converts markdown content into a rich HTML site.
The markdown content in &lt;em&gt;stroom-docs&lt;/em&gt; is not intended to be read as-is in GitHub, it needs to be rendered first.&lt;/p&gt;
&lt;p&gt;The full documentation for &lt;em&gt;Hugo&lt;/em&gt; can be found &lt;a href=&#34;https://gohugo.io/documentation/&#34;&gt;here (external link)&lt;/a&gt;.
The site also uses the &lt;a href=&#34;https://www.docsy.dev&#34;&gt;Docsy (external link)&lt;/a&gt; theme for Hugo.
The documentation for &lt;em&gt;Docsy&lt;/em&gt; can be found &lt;a href=&#34;https://www.docsy.dev/docs/&#34;&gt;here (external link)&lt;/a&gt;.
The &lt;em&gt;Docsy&lt;/em&gt; theme provides a lot of the styling but also adds other features and shortcodes.
You should consult the &lt;em&gt;Docsy&lt;/em&gt; documentation in the first instance.&lt;/p&gt;
&lt;p&gt;To maintain a degree of consistency in the documentation you should use this section as a reference for how to layout your content.&lt;/p&gt;
&lt;h2 id=&#34;shortcodes&#34;&gt;Shortcodes&lt;/h2&gt;
&lt;p&gt;The documentation makes heavy use of Hugo shortcodes for adding page elements such as links, icons, images, etc.
Shortcodes make it easy to change how a page element is styled by just changing the shortcode.&lt;/p&gt;
&lt;p&gt;Hugo includes many &lt;a href=&#34;https://gohugo.io/content-management/shortcodes/&#34;&gt;shortcodes (external link)&lt;/a&gt;, the Docsy theme adds some &lt;a href=&#34;https://www.docsy.dev/docs/adding-content/shortcodes/&#34;&gt;more (external link)&lt;/a&gt; and there are some bespoke &lt;em&gt;stroom-docs&lt;/em&gt; ones in &lt;code&gt;layouts/shortcodes/&lt;/code&gt;.&lt;/p&gt;
&lt;p&gt;To make your life easier when editing the documentation it is recomended to use an editor that supports text snippets.
Snippets make it very quick to add shortcodes into the documentation.&lt;/p&gt;
&lt;p&gt;For example the following snippet adds a skeleton front matter to a page.&lt;/p&gt;
&lt;div class=&#34;card-deck mb-4&#34;&gt;
  &lt;div class=&#34;card mb-4&#34;&gt;
  
    &lt;div class=&#34;card-header&#34;&gt;
      
        Ultisnips
      
    &lt;/div&gt;
  
  &lt;div class=&#34;card-body&#34;&gt;
    
    
    
      &lt;p class=&#34;card-text&#34;&gt;
        
          &lt;pre&gt;&lt;code class=&#34;language-snippets&#34;&gt;snippet hfront &amp;quot;Hugo markdown metadata front matter&amp;quot; b
---
title: &amp;quot;${1:Title}&amp;quot;
linkTitle: &amp;quot;$1&amp;quot;
#weight:
date: `date &amp;quot;+%Y-%m-%d&amp;quot;`
tags: $2
description: &amp;gt;
  $3
---

$0
endsnippet
&lt;/code&gt;&lt;/pre&gt;

        
      &lt;/p&gt;
    
  &lt;/div&gt;
  
&lt;/div&gt;

  &lt;div class=&#34;card mb-4&#34;&gt;
  
    &lt;div class=&#34;card-header&#34;&gt;
      
        JSON (VS Code)
      
    &lt;/div&gt;
  
  &lt;div class=&#34;card-body&#34;&gt;
    
    
    
      &lt;p class=&#34;card-text&#34;&gt;
        
          &lt;pre&gt;&lt;code class=&#34;language-json&#34;&gt;{
  &amp;quot;hugo-front-matter&amp;quot;: {
    &amp;quot;prefix&amp;quot;: &amp;quot;hfront&amp;quot;,
    &amp;quot;body&amp;quot;: [
      &amp;quot;---&amp;quot;,
      &amp;quot;title: \&amp;quot;${1:Title}\&amp;quot;&amp;quot;,
      &amp;quot;linkTitle: \&amp;quot;$1\&amp;quot;&amp;quot;,
      &amp;quot;#weight:&amp;quot;,
      &amp;quot;date: `date \&amp;quot;+%Y-%m-%d\&amp;quot;`&amp;quot;,
      &amp;quot;tags: $2&amp;quot;,
      &amp;quot;description: &amp;gt;&amp;quot;,
      &amp;quot;  $3&amp;quot;,
      &amp;quot;---&amp;quot;,
      &amp;quot;&amp;quot;,
      &amp;quot;$0&amp;quot;
    ],
    &amp;quot;description&amp;quot;: &amp;quot;Hugo markdown metadata front matter&amp;quot;
  }
}
&lt;/code&gt;&lt;/pre&gt;

        
      &lt;/p&gt;
    
  &lt;/div&gt;
  
&lt;/div&gt;

&lt;/div&gt;

&lt;div class=&#34;alert alert-warning&#34; role=&#34;alert&#34;&gt;
&lt;h4 class=&#34;alert-heading&#34;&gt;TODO&lt;/h4&gt;

    Add section on naming, i.e. what names we use for things, e.g. data/meta/stream, config/properties, job/task, etc.

&lt;/div&gt;


      </description>
    </item>
    
    <item>
      <title>Community: Additional Page Elements</title>
      <link>/community/documentation/style-guide/additional-elements/</link>
      <pubDate>Tue, 20 Jul 2021 00:00:00 +0000</pubDate>
      
      <guid>/community/documentation/style-guide/additional-elements/</guid>
      <description>
        
        
        &lt;h2 id=&#34;links&#34;&gt;Links&lt;/h2&gt;
&lt;p&gt;Links can be added using either standard markdown link syntax or using a Hugo shortcode.
The advantage of the shortcode is that hugo will check for broken links when building the site so there are preferred.&lt;/p&gt;
&lt;p&gt;Links to external sites, i.e. on the internet, should have &lt;code&gt; (external link)&lt;/code&gt; appended to the link title.
This makes it clear to readers which links are local and which are external and therefore possibly not available if there is no access to the internet.&lt;/p&gt;
&lt;h3 id=&#34;anchors&#34;&gt;Anchors&lt;/h3&gt;
&lt;p&gt;You can link to headings on a page using its anchor.
The anchor for a heading is the heading text with:&lt;/p&gt;
&lt;ul&gt;
&lt;li&gt;All non-alphanumeric characters removed&lt;/li&gt;
&lt;li&gt;Spaces replaced with a &lt;code&gt;-&lt;/code&gt;&lt;/li&gt;
&lt;li&gt;All characters made lower case&lt;/li&gt;
&lt;li&gt;Multiple consecutive &lt;code&gt;-&lt;/code&gt; characters, e.g. &lt;code&gt;---&lt;/code&gt; are replaced with a single &lt;code&gt;-&lt;/code&gt;&lt;/li&gt;
&lt;/ul&gt;
&lt;p&gt;For example the heading &lt;code&gt;Mr O&#39;Neil&#39;s 1st Event (something)&lt;/code&gt; becomes as an anchor &lt;code&gt;#mr-oneils-1st-event-something&lt;/code&gt;.&lt;/p&gt;
&lt;h3 id=&#34;shortcode-page-link-examples&#34;&gt;Shortcode page link examples&lt;/h3&gt;
&lt;p&gt;Shortcode links are slightly more verbose to type but are preferable to markdown style links as the link target will be checked at site build time so you know all the links are correct.&lt;/p&gt;
&lt;p&gt;Hugo has &lt;code&gt;ref&lt;/code&gt; and &lt;code&gt;relref&lt;/code&gt; link shortcodes.
Use only &lt;code&gt;relref&lt;/code&gt; as this will be translated into a relative path when the site it built ensuring that the site can be run from any base path.&lt;/p&gt;
&lt;p&gt;The following are some example of different links to internal content.&lt;/p&gt;
&lt;h4 id=&#34;heading-anchor&#34;&gt;Heading anchor&lt;/h4&gt;
&lt;ul&gt;
&lt;li&gt;
&lt;p&gt;A &lt;a href=&#34;#alerts&#34;&gt;link&lt;/a&gt; to a heading anchor on this page.&lt;/p&gt;
&lt;pre&gt;&lt;code class=&#34;language-markdown&#34;&gt;[link]({{&amp;lt; relref &amp;quot;#alerts&amp;quot; &amp;gt;}})
&lt;/code&gt;&lt;/pre&gt;
&lt;/li&gt;
&lt;/ul&gt;
&lt;h4 id=&#34;absolute-path&#34;&gt;Absolute path&lt;/h4&gt;
&lt;ul&gt;
&lt;li&gt;
&lt;p&gt;A &lt;a href=&#34;../../community/documentation/style-guide/using-images/#captions&#34;&gt;link&lt;/a&gt; to a heading anchor on another page, using an absolute path.&lt;/p&gt;
&lt;pre&gt;&lt;code class=&#34;language-markdown&#34;&gt;[link]({{&amp;lt; relref &amp;quot;community/documentation/style-guide/using-images#captions&amp;quot; &amp;gt;}})
&lt;/code&gt;&lt;/pre&gt;
&lt;/li&gt;
&lt;/ul&gt;
&lt;h4 id=&#34;relative-path&#34;&gt;Relative path&lt;/h4&gt;
&lt;ul&gt;
&lt;li&gt;
&lt;p&gt;A &lt;a href=&#34;../../docs/proxy/install/#prerequisites&#34;&gt;link&lt;/a&gt; to a heading anchor on page above this one, using a relative path.&lt;/p&gt;
&lt;pre&gt;&lt;code class=&#34;language-markdown&#34;&gt;[link]({{&amp;lt; relref &amp;quot;../../../docs/proxy/install.md#prerequisites&amp;quot; &amp;gt;}})
&lt;/code&gt;&lt;/pre&gt;
&lt;/li&gt;
&lt;/ul&gt;
&lt;h4 id=&#34;unique-page-name&#34;&gt;Unique page name&lt;/h4&gt;
&lt;ul&gt;
&lt;li&gt;
&lt;p&gt;A &lt;a href=&#34;../../docs/quick-start-guide/running/#basic-configuration&#34;&gt;link&lt;/a&gt; to a heading anchor on another page, using only the unique page name.
This is quicker to type and won&amp;rsquo;t break if pages are moved but will not work if the page name is not unique.&lt;/p&gt;
&lt;pre&gt;&lt;code class=&#34;language-markdown&#34;&gt;[link]({{&amp;lt; relref &amp;quot;running#basic-configuration&amp;quot; &amp;gt;}})
&lt;/code&gt;&lt;/pre&gt;
&lt;/li&gt;
&lt;/ul&gt;
&lt;h4 id=&#34;section-link&#34;&gt;Section link&lt;/h4&gt;
&lt;ul&gt;
&lt;li&gt;
&lt;p&gt;A &lt;a href=&#34;../../docs/howtos/&#34;&gt;link&lt;/a&gt; to a branch/section in the document tree, i.e. to the &lt;code&gt;\_index.md&lt;/code&gt;.&lt;/p&gt;
&lt;pre&gt;&lt;code class=&#34;language-markdown&#34;&gt;[link]({{&amp;lt; relref &amp;quot;docs/HOWTOs&amp;quot; &amp;gt;}})
&lt;/code&gt;&lt;/pre&gt;
&lt;/li&gt;
&lt;/ul&gt;
&lt;h3 id=&#34;markdown-page-link-examples&#34;&gt;Markdown page link examples&lt;/h3&gt;

&lt;div class=&#34;alert alert-warning&#34; role=&#34;alert&#34;&gt;
&lt;h4 class=&#34;alert-heading&#34;&gt;Warning&lt;/h4&gt;

    Don&amp;rsquo;t use markdown style links for internal page links as they can&amp;rsquo;t be verified at site build time like the short code links can.

&lt;/div&gt;


&lt;p&gt;Markdown style links should not contain the &lt;code&gt;.md&lt;/code&gt; extension as this will be stripped when the site is generated, e.g. for the following content:&lt;/p&gt;
&lt;pre&gt;&lt;code class=&#34;language-text&#34;&gt;/content
   /en
      /docs
         /section-x
            /sub-section-a
               _index.md
               page1.md
               page2.md
            /sub-section-b
               _index.md
               page1.md
               page2.md
&lt;/code&gt;&lt;/pre&gt;
&lt;p&gt;This will become:&lt;/p&gt;
&lt;pre&gt;&lt;code class=&#34;language-text&#34;&gt;/docs
   /section-x
      /sub-section-a
         /page1
         /page2
      /sub-section-b
         /page1
         /page2
&lt;/code&gt;&lt;/pre&gt;
&lt;p&gt;in the rendered site.&lt;/p&gt;
&lt;ul&gt;
&lt;li&gt;
&lt;p&gt;A &lt;a href=&#34;#alerts&#34;&gt;link&lt;/a&gt; to a heading anchor on this page.&lt;/p&gt;
&lt;pre&gt;&lt;code class=&#34;language-markdown&#34;&gt;[link](#alerts)
&lt;/code&gt;&lt;/pre&gt;
&lt;/li&gt;
&lt;li&gt;
&lt;p&gt;A &lt;a href=&#34;../using-images#captions&#34;&gt;link&lt;/a&gt; to a heading anchor on another page, using a relative link.&lt;/p&gt;
&lt;pre&gt;&lt;code class=&#34;language-markdown&#34;&gt;[link](../using-images#captions)
&lt;/code&gt;&lt;/pre&gt;
&lt;/li&gt;
&lt;li&gt;
&lt;p&gt;A &lt;a href=&#34;../../docs/style-guide/using-images#captions&#34;&gt;link&lt;/a&gt; to a heading anchor on another page, using an absolute link.&lt;/p&gt;
&lt;pre&gt;&lt;code class=&#34;language-markdown&#34;&gt;[link](/docs/style-guide/using-images#captions)
&lt;/code&gt;&lt;/pre&gt;
&lt;/li&gt;
&lt;/ul&gt;
&lt;h3 id=&#34;download-file-links&#34;&gt;Download file links&lt;/h3&gt;
&lt;p&gt;To create a link to download a file, 





&lt;a href=&#34;../../files/quick-start-guide/mock_stroom_data.csv&#34; class=&#34;&#34; style=&#34;&#34;&gt;like this&lt;/a&gt;

, that is served by this site you need to do:&lt;/p&gt;
&lt;pre&gt;&lt;code class=&#34;language-markdown&#34;&gt;{{&amp;lt; file-link &amp;quot;quick-start-guide/mock_stroom_data.csv&amp;quot; &amp;gt;}}Link Title{{&amp;lt; /file-link &amp;gt;}}
&lt;/code&gt;&lt;/pre&gt;
&lt;p&gt;Paths are relative to &lt;code&gt;/assets/files/&lt;/code&gt;.&lt;/p&gt;
&lt;h2 id=&#34;code&#34;&gt;Code&lt;/h2&gt;
&lt;h3 id=&#34;inline-code&#34;&gt;Inline code&lt;/h3&gt;
&lt;div class=&#34;card-deck mb-4&#34;&gt;
  &lt;div class=&#34;card mb-4&#34;&gt;
  
    &lt;div class=&#34;card-header&#34;&gt;
      
        Rendered
      
    &lt;/div&gt;
  
  &lt;div class=&#34;card-body&#34;&gt;
    
    
    
      &lt;p class=&#34;card-text&#34;&gt;
        
          Inline code &lt;code&gt;looks like this&lt;/code&gt;.
        
      &lt;/p&gt;
    
  &lt;/div&gt;
  
&lt;/div&gt;

  &lt;div class=&#34;card mb-4&#34;&gt;
  
    &lt;div class=&#34;card-header&#34;&gt;
      
        Markdown
      
    &lt;/div&gt;
  
  &lt;div class=&#34;card-body&#34;&gt;
    
    
    
      &lt;p class=&#34;card-text&#34;&gt;
        
          &lt;pre&gt;&lt;code class=&#34;language-markdown&#34;&gt;Inline code `looks like this`.
&lt;/code&gt;&lt;/pre&gt;

        
      &lt;/p&gt;
    
  &lt;/div&gt;
  
&lt;/div&gt;

&lt;/div&gt;
&lt;h3 id=&#34;code-blocks&#34;&gt;Code blocks&lt;/h3&gt;
&lt;p&gt;Code blocks should be surrounded with fences &lt;code&gt;```language-type&lt;/code&gt; and &lt;code&gt;```&lt;/code&gt; with the &lt;a href=&#34;#supported-languages&#34;&gt;language&lt;/a&gt; type &lt;strong&gt;always&lt;/strong&gt; specified to ensure correct syntax highlighting.
If the language type is not supplied then styling will be different to fenced blocks with a language.&lt;/p&gt;
&lt;p&gt;This is a markdown example of a fenced code block containing XML content.&lt;/p&gt;
&lt;div class=&#34;card-deck mb-4&#34;&gt;
  &lt;div class=&#34;card mb-4&#34;&gt;
  
    &lt;div class=&#34;card-header&#34;&gt;
      
        Rendered
      
    &lt;/div&gt;
  
  &lt;div class=&#34;card-body&#34;&gt;
    
    
    
      &lt;p class=&#34;card-text&#34;&gt;
        
          &lt;pre&gt;&lt;code class=&#34;language-xml&#34;&gt;&amp;lt;root&amp;gt;
  &amp;lt;child attr=&amp;quot;xxx&amp;quot;&amp;gt;some val&amp;lt;/child&amp;gt;
&amp;lt;/root&amp;gt;
&lt;/code&gt;&lt;/pre&gt;

        
      &lt;/p&gt;
    
  &lt;/div&gt;
  
&lt;/div&gt;

  &lt;div class=&#34;card mb-4&#34;&gt;
  
    &lt;div class=&#34;card-header&#34;&gt;
      
        Markdown
      
    &lt;/div&gt;
  
  &lt;div class=&#34;card-body&#34;&gt;
    
    
    
      &lt;p class=&#34;card-text&#34;&gt;
        
          &lt;pre&gt;&lt;code class=&#34;language-markdown&#34;&gt;```xml
&amp;lt;root&amp;gt;
  &amp;lt;child attr=&amp;quot;xxx&amp;quot;&amp;gt;some val&amp;lt;/child&amp;gt;
&amp;lt;/root&amp;gt;
```
&lt;/code&gt;&lt;/pre&gt;

        
      &lt;/p&gt;
    
  &lt;/div&gt;
  
&lt;/div&gt;

&lt;/div&gt;

&lt;div class=&#34;alert alert-primary&#34; role=&#34;alert&#34;&gt;
&lt;h4 class=&#34;alert-heading&#34;&gt;Note&lt;/h4&gt;


    The fenced code block &lt;strong&gt;MUST&lt;/strong&gt; have a language specified.
This ensures the correct default styling is used and makes it explicitly clear to anyone editing the markdown what the content of the block is.
If the content of the fenced block has no supported language or is just plain text then use language &lt;code&gt;text&lt;/code&gt;.

&lt;/div&gt;


&lt;p&gt;The following are some example of rendered code blocks:&lt;/p&gt;
&lt;div class=&#34;card-deck mb-4&#34;&gt;
  &lt;div class=&#34;card mb-4&#34;&gt;
  
    &lt;div class=&#34;card-header&#34;&gt;
      
        Plain Text
      
    &lt;/div&gt;
  
  &lt;div class=&#34;card-body&#34;&gt;
    
    
    
      &lt;p class=&#34;card-text&#34;&gt;
        
          &lt;pre&gt;&lt;code class=&#34;language-text&#34;&gt;id,date,time
1,6/2/2018,10:18
2,12/6/2017,5:58
3,6/7/2018,11:58
&lt;/code&gt;&lt;/pre&gt;

        
      &lt;/p&gt;
    
  &lt;/div&gt;
  
&lt;/div&gt;

  &lt;div class=&#34;card mb-4&#34;&gt;
  
    &lt;div class=&#34;card-header&#34;&gt;
      
        YAML
      
    &lt;/div&gt;
  
  &lt;div class=&#34;card-body&#34;&gt;
    
    
    
      &lt;p class=&#34;card-text&#34;&gt;
        
          &lt;pre&gt;&lt;code class=&#34;language-yaml&#34;&gt;---
root:
  someKey: &amp;quot;value&amp;quot;
&lt;/code&gt;&lt;/pre&gt;

        
      &lt;/p&gt;
    
  &lt;/div&gt;
  
&lt;/div&gt;

  &lt;div class=&#34;card mb-4&#34;&gt;
  
    &lt;div class=&#34;card-header&#34;&gt;
      
        XML
      
    &lt;/div&gt;
  
  &lt;div class=&#34;card-body&#34;&gt;
    
    
    
      &lt;p class=&#34;card-text&#34;&gt;
        
          &lt;pre&gt;&lt;code class=&#34;language-xml&#34;&gt;&amp;lt;root&amp;gt;
  &amp;lt;child attr=&amp;quot;xxx&amp;quot;&amp;gt;
    some val
  &amp;lt;/child&amp;gt;
&amp;lt;/root&amp;gt;
&lt;/code&gt;&lt;/pre&gt;

        
      &lt;/p&gt;
    
  &lt;/div&gt;
  
&lt;/div&gt;

  &lt;div class=&#34;card mb-4&#34;&gt;
  
    &lt;div class=&#34;card-header&#34;&gt;
      
        bash
      
    &lt;/div&gt;
  
  &lt;div class=&#34;card-body&#34;&gt;
    
    
    
      &lt;p class=&#34;card-text&#34;&gt;
        
          &lt;pre&gt;&lt;code class=&#34;language-bash&#34;&gt;echo &amp;quot;${VAR}&amp;quot;
&lt;/code&gt;&lt;/pre&gt;

        
      &lt;/p&gt;
    
  &lt;/div&gt;
  
&lt;/div&gt;

&lt;/div&gt;
&lt;h3 id=&#34;command-line-blocks&#34;&gt;Command line blocks&lt;/h3&gt;
&lt;p&gt;To demostrate commands being run on the command line you can use the &lt;code&gt;command-line&lt;/code&gt; shortcode.
This results in a code block with the shell prompt displayed on the left of each line.
It also means the prompt part is not selectable when the user selects the text for copy/pasting.&lt;/p&gt;
&lt;p&gt;The shortcode takes the following arguments:&lt;/p&gt;
&lt;ul&gt;
&lt;li&gt;&lt;strong&gt;username&lt;/strong&gt; - The username to appear in the prompt, defaults to &lt;code&gt;user&lt;/code&gt;.&lt;/li&gt;
&lt;li&gt;&lt;strong&gt;hostname&lt;/strong&gt; - The hostname to appear in the prompt, defaults to &lt;code&gt;localhost&lt;/code&gt;.&lt;/li&gt;
&lt;li&gt;&lt;strong&gt;language&lt;/strong&gt; - The language of the content (a valid and installed prism &lt;a href=&#34;#supported-languages&#34;&gt;language name&lt;/a&gt; language name), defaults to &lt;code&gt;bash&lt;/code&gt;.&lt;/li&gt;
&lt;/ul&gt;
&lt;p&gt;If you want to display shell output then prefix each output line with &lt;code&gt;(out)&lt;/code&gt;.
It will then be displayed without a prompt.&lt;/p&gt;
&lt;div class=&#34;card-deck mb-4&#34;&gt;
  &lt;div class=&#34;card mb-4&#34;&gt;
  
    &lt;div class=&#34;card-header&#34;&gt;
      
        Rendered
      
    &lt;/div&gt;
  
  &lt;div class=&#34;card-body&#34;&gt;
    
    
    
      &lt;p class=&#34;card-text&#34;&gt;
        
          &lt;div class=&#34;code-toolbar&#34;&gt;
  &lt;pre class=&#34;command-line language-bash&#34; data-user=&#34;david&#34; data-host=&#34;wopr&#34; data-filter-output=&#34;(out)&#34;&gt;&lt;code&gt;echo &amp;#34;hello world&amp;#34;
(out) class
id
(out) uid=1000(jdoe) gid=1000(jdoe)&lt;/code&gt;&lt;/pre&gt;
&lt;/div&gt;

        
      &lt;/p&gt;
    
  &lt;/div&gt;
  
&lt;/div&gt;

  &lt;div class=&#34;card mb-4&#34;&gt;
  
    &lt;div class=&#34;card-header&#34;&gt;
      
        Markdown
      
    &lt;/div&gt;
  
  &lt;div class=&#34;card-body&#34;&gt;
    
    
    
      &lt;p class=&#34;card-text&#34;&gt;
        
          &lt;pre&gt;&lt;code class=&#34;language-markdown&#34;&gt;{{&amp;lt; command-line &amp;quot;david&amp;quot; &amp;quot;wopr&amp;quot; &amp;gt;}}
echo &amp;quot;hello world&amp;quot;
(out) class
id
(out) uid=1000(jdoe) gid=1000(jdoe)
{{&amp;lt; command-line &amp;gt;}}
&lt;/code&gt;&lt;/pre&gt;

        
      &lt;/p&gt;
    
  &lt;/div&gt;
  
&lt;/div&gt;

&lt;/div&gt;
&lt;h3 id=&#34;inline-files&#34;&gt;Inline files&lt;/h3&gt;
&lt;p&gt;Some code or text examples may be too large for a fenced block so you can put the content in a separate file and include it in-line like so.&lt;/p&gt;






&lt;div class=&#34;text-file card rounded shadow-stroom p-2 td-post-card mb-4 mt-4&#34; style=&#34;&#34;&gt;

  &lt;div class=&#34;card-body px-0 pt-2 pb-0&#34;&gt;

    
    &lt;pre&gt;&lt;code class=&#34;language-xml&#34;&gt;&amp;lt;?xml version=&amp;quot;1.1&amp;quot; encoding=&amp;quot;UTF-8&amp;quot;?&amp;gt;
&amp;lt;dataSplitter
    xmlns=&amp;quot;data-splitter:3&amp;quot;
    xmlns:xsi=&amp;quot;http://www.w3.org/2001/XMLSchema-instance&amp;quot;
    xsi:schemaLocation=&amp;quot;data-splitter:3 file://data-splitter-v3.0.1.xsd&amp;quot;
    version=&amp;quot;3.0&amp;quot;&amp;gt;
  &amp;lt;!-- 
  GEOHOST REFERENCE FEED:
  
  CHANGE HISTORY
  v1.0.0 - 2020-02-09 John Doe
  
  This is a reference feed for device Logical and Geographic data.
  
  The feed provides for each device
  * the device FQDN
  * the device IP Address
  * the device Country location (using ISO 3166-1 alpha-3 codes)
  * the device Site location
  * the device Building location
  * the device Room location
  *the device TimeZone location (both standard then daylight timezone offsets from UTC)
  
  The data is a TAB delimited file with the first line providing headings.
  
  Example data:
  
  FQDN	IPAddress	Country	Site	Building	Room	TimeZones
stroomnode00.strmdev00.org	192.168.2.245	GBR	Bristol-S00	GZero	R00	+00:00/+01:00
stroomnode01.strmdev01.org	192.168.3.117	AUS	Sydney-S04	R6	5-134	+10:00/+11:00
host01.company4.org	192.168.4.220	USA	LosAngeles-S19	ILM	C5-54-2	-08:00/-07:00
  
  --&amp;gt;
  
  &amp;lt;!-- Match the heading line - split on newline and match a maximum of one line  --&amp;gt;
  &amp;lt;split delimiter=&amp;quot;\n&amp;quot; maxMatch=&amp;quot;1&amp;quot;&amp;gt;
   
   &amp;lt;!-- Store each heading and note we split fields on the TAB (&amp;amp;#9;) character --&amp;gt;
     &amp;lt;group&amp;gt;
       &amp;lt;split delimiter=&amp;quot;&amp;amp;#9;&amp;quot;&amp;gt;
         &amp;lt;var id=&amp;quot;heading&amp;quot;/&amp;gt;
       &amp;lt;/split&amp;gt;
     &amp;lt;/group&amp;gt;
   &amp;lt;/split&amp;gt;
   
  !-- Match all other data lines - splitting on newline --&amp;gt;
  &amp;lt;split delimiter=&amp;quot;\n&amp;quot;&amp;gt;
    &amp;lt;group&amp;gt;
      &amp;lt;!-- Store each field using the column heading number for each column ($heading$1) and note we split fields on the TAB (&amp;amp;#9;) character --&amp;gt;
       &amp;lt;split delimiter=&amp;quot;&amp;amp;#9;&amp;quot;&amp;gt;
         &amp;lt;data name=&amp;quot;$heading$1&amp;quot; value=&amp;quot;$1&amp;quot;/&amp;gt;
       &amp;lt;/split&amp;gt;
    &amp;lt;/group&amp;gt;
  &amp;lt;/split&amp;gt;
&amp;lt;/dataSplitter&amp;gt;


&lt;/code&gt;&lt;/pre&gt;


    &lt;hr style=&#34;border-top: 1px solid #ddd; margin-top: 0px; margin-bottom:4px;&#34;&gt;
    &lt;div class=&#34;card-text&#34; style=&#34;font-size: smaller; text-align: center;&#34;&gt;
      
      &lt;span class=&#34;&#34; style=&#34;font-size: smaller&#34;&gt;Example in-line XML file&lt;/span&gt;
      
      (&lt;a href=&#34;../../files/style-guide/in_line_file_example.xml&#34; class=&#34;&#34; style=&#34;font-size: smaller&#34;&gt;Download in_line_file_example.xml&lt;/a&gt;)
    &lt;/div&gt;
  &lt;/div&gt;
&lt;/div&gt;

&lt;p&gt;The card has a maximum height and will show scrollbars as required.&lt;/p&gt;
&lt;p&gt;Examples of how to use in-line files are:&lt;/p&gt;
&lt;pre&gt;&lt;code class=&#34;language-markdown&#34;&gt;{{&amp;lt; textfile &amp;quot;style-guide/in_line_file_example.xml&amp;quot; &amp;quot;xml&amp;quot; &amp;gt;}}My caption{{&amp;lt; /textfile &amp;gt;}}
{{&amp;lt; textfile &amp;quot;style-guide/in_line_file_example.xml&amp;quot; &amp;gt;}}My caption{{&amp;lt; /textfile &amp;gt;}}
{{&amp;lt; textfile &amp;quot;style-guide/in_line_file_example.xml&amp;quot; /&amp;gt;}}
&lt;/code&gt;&lt;/pre&gt;
&lt;h3 id=&#34;supported-languages&#34;&gt;Supported languages&lt;/h3&gt;
&lt;p&gt;This site uses 





&lt;span class=&#34;external-link&#34;&gt;
&lt;a href=&#34;https://prismjs.com/index.html&#34; class=&#34;&#34; style=&#34;&#34;&gt;Prismjs&lt;/a&gt;
&lt;i class=&#34;external-link-icon fas fa-external-link-alt fa-sm text-secondary&#34; title=&#34;External link&#34;&gt;&lt;/i&gt;
&lt;/span&gt;
 for syntax highlighing code blocks.
PrismJs supports a large number of different languages however only certain languages have been included with this site.
The language specified in the markdown code fence or in the &lt;code&gt;command-line&lt;/code&gt; shortcode must be in the list of included languages.&lt;/p&gt;
&lt;p&gt;The list of included language names are:&lt;/p&gt;
&lt;p&gt;&lt;code&gt;sh&lt;/code&gt;&lt;br&gt;
&lt;code&gt;bash&lt;/code&gt;&lt;br&gt;
&lt;code&gt;css&lt;/code&gt;&lt;br&gt;
&lt;code&gt;csv&lt;/code&gt;&lt;br&gt;
&lt;code&gt;groovy&lt;/code&gt;&lt;br&gt;
&lt;code&gt;java&lt;/code&gt;&lt;br&gt;
&lt;code&gt;javascript&lt;/code&gt;&lt;br&gt;
&lt;code&gt;jq&lt;/code&gt;&lt;br&gt;
&lt;code&gt;json&lt;/code&gt;&lt;br&gt;
&lt;code&gt;python&lt;/code&gt;&lt;br&gt;
&lt;code&gt;regex&lt;/code&gt;&lt;br&gt;
&lt;code&gt;scss&lt;/code&gt;&lt;br&gt;
&lt;code&gt;sql&lt;/code&gt;&lt;br&gt;
&lt;code&gt;text&lt;/code&gt;&lt;br&gt;
&lt;code&gt;toml&lt;/code&gt;&lt;br&gt;
&lt;code&gt;xml&lt;/code&gt;&lt;br&gt;
&lt;code&gt;yaml&lt;/code&gt;&lt;/p&gt;
&lt;p&gt;To include extra languages in this site you need to build a new version of the &lt;code&gt;prism.js&lt;/code&gt; and &lt;code&gt;prism.css&lt;/code&gt; files.
This can be done 





&lt;span class=&#34;external-link&#34;&gt;
&lt;a href=&#34;https://prismjs.com/index.html#supported-languages&#34; class=&#34;&#34; style=&#34;&#34;&gt;here&lt;/a&gt;
&lt;i class=&#34;external-link-icon fas fa-external-link-alt fa-sm text-secondary&#34; title=&#34;External link&#34;&gt;&lt;/i&gt;
&lt;/span&gt;
.
When creating new versions of these file you must included the languages and plugins already included else you may break this site.
The generated files are then copied over the top of &lt;code&gt;/static/css/prism.css&lt;/code&gt; and &lt;code&gt;/static/js/prism.js&lt;/code&gt;.
Both files include a comment at the top with the link to the PrismJs download page with the currently included items selected.
Use this link then add any additional items, bearing in mind the size of the download and its impact on page load times.&lt;/p&gt;
&lt;p&gt;An example of the download link is 




  


&lt;span class=&#34;external-link&#34;&gt;
&lt;a href=&#34;https://prismjs.com/download.html#themes=prism&amp;amp;languages=markup&amp;#43;css&amp;#43;clike&amp;#43;javascript&amp;#43;bash&amp;#43;csv&amp;#43;groovy&amp;#43;java&amp;#43;jq&amp;#43;json&amp;#43;markdown&amp;#43;python&amp;#43;regex&amp;#43;scss&amp;#43;sql&amp;#43;toml&amp;#43;yaml&amp;amp;plugins=command-line&amp;#43;toolbar&amp;#43;copy-to-clipboard&amp;#43;treeview&#34; class=&#34;&#34; style=&#34;&#34;&gt;https://prismjs.com/download.html#themes=prism&amp;amp;languages=markup&amp;#43;css&amp;#43;clike&amp;#43;javascript&amp;#43;bash&amp;#43;csv&amp;#43;groovy&amp;#43;java&amp;#43;jq&amp;#43;json&amp;#43;markdown&amp;#43;python&amp;#43;regex&amp;#43;scss&amp;#43;sql&amp;#43;toml&amp;#43;yaml&amp;amp;plugins=command-line&amp;#43;toolbar&amp;#43;copy-to-clipboard&amp;#43;treeview&lt;/a&gt;
&lt;i class=&#34;external-link-icon fas fa-external-link-alt fa-sm text-secondary&#34; title=&#34;External link&#34;&gt;&lt;/i&gt;
&lt;/span&gt;
&lt;/p&gt;
&lt;h2 id=&#34;alerts&#34;&gt;Alerts&lt;/h2&gt;
&lt;h3 id=&#34;warning-block-quote&#34;&gt;Warning block Quote&lt;/h3&gt;

&lt;div class=&#34;alert alert-warning&#34; role=&#34;alert&#34;&gt;
&lt;h4 class=&#34;alert-heading&#34;&gt;Warning&lt;/h4&gt;

    This is a warning that can contain &lt;em&gt;markdown&lt;/em&gt;.

&lt;/div&gt;


&lt;p&gt;The markdown for this is:&lt;/p&gt;
&lt;pre&gt;&lt;code class=&#34;language-markdown&#34;&gt;{{% warning %}}
This is a warning that can contain _markdown_.
{{% /warning %}}
&lt;/code&gt;&lt;/pre&gt;
&lt;h3 id=&#34;page-level-warning&#34;&gt;Page level warning&lt;/h3&gt;

&lt;div class=&#34;pageinfo pageinfo-danger&#34;&gt;
&lt;h4 class=&#34;text-danger alert-heading&#34;&gt;Warning&lt;/h4&gt;
&lt;p&gt;This is a warning that can contain &lt;em&gt;markdown&lt;/em&gt;.&lt;/p&gt;

&lt;/div&gt;


&lt;p&gt;The markdown for this is:&lt;/p&gt;
&lt;pre&gt;&lt;code class=&#34;language-markdown&#34;&gt;{{% page-warning %}}
This is a warning that can contain _markdown_.
{{% /page-warning %}}
&lt;/code&gt;&lt;/pre&gt;
&lt;h3 id=&#34;note-block-quote&#34;&gt;Note block Quote&lt;/h3&gt;

&lt;div class=&#34;alert alert-primary&#34; role=&#34;alert&#34;&gt;
&lt;h4 class=&#34;alert-heading&#34;&gt;Note&lt;/h4&gt;


    This is a note that can contain &lt;strong&gt;markdown&lt;/strong&gt;.

&lt;/div&gt;


&lt;p&gt;The markdown for this is:&lt;/p&gt;
&lt;pre&gt;&lt;code class=&#34;language-markdown&#34;&gt;{{% note %}}
This is a note that can contain **markdown**.
{{% /note %}}
&lt;/code&gt;&lt;/pre&gt;
&lt;h3 id=&#34;page-level-info&#34;&gt;Page level info&lt;/h3&gt;


&lt;div class=&#34;pageinfo pageinfo-primary&#34;&gt;
&lt;p&gt;This is some info that can contain &lt;strong&gt;markdown&lt;/strong&gt;.&lt;/p&gt;

&lt;/div&gt;

&lt;p&gt;The markdown for this is:&lt;/p&gt;
&lt;pre&gt;&lt;code class=&#34;language-markdown&#34;&gt;{{% pageinfo %}}
This is some info that can contain **markdown**.
{{% /pageinfo %}}
&lt;/code&gt;&lt;/pre&gt;
&lt;h3 id=&#34;todo-block-quote&#34;&gt;TODO block Quote&lt;/h3&gt;

&lt;div class=&#34;alert alert-warning&#34; role=&#34;alert&#34;&gt;
&lt;h4 class=&#34;alert-heading&#34;&gt;TODO&lt;/h4&gt;

    This is a TODO that can contain &lt;code&gt;markdown&lt;/code&gt;.

&lt;/div&gt;

&lt;p&gt;The markdown for this is:&lt;/p&gt;
&lt;pre&gt;&lt;code class=&#34;language-markdown&#34;&gt;{{% todo %}}
This is a TODO that can contain `markdown`.
{{% /todo %}}
&lt;/code&gt;&lt;/pre&gt;
&lt;h2 id=&#34;cards&#34;&gt;Cards&lt;/h2&gt;
&lt;p&gt;Cards can be used to display related content side by side.
Each card can contain markdown and/or Hugo short codes.
The cards will be displayed horizontally to fill the width of the page.&lt;/p&gt;
&lt;div class=&#34;card-deck mb-4&#34;&gt;
  &lt;div class=&#34;card mb-4&#34;&gt;
  
    &lt;div class=&#34;card-header&#34;&gt;
      
        YAML
      
    &lt;/div&gt;
  
  &lt;div class=&#34;card-body&#34;&gt;
    
    
    
      &lt;p class=&#34;card-text&#34;&gt;
        
          &lt;pre&gt;&lt;code class=&#34;language-yaml&#34;&gt;---
root:
  someKey: &amp;quot;value&amp;quot;
&lt;/code&gt;&lt;/pre&gt;

        
      &lt;/p&gt;
    
  &lt;/div&gt;
  
&lt;/div&gt;


  &lt;div class=&#34;card mb-4&#34;&gt;
  
    &lt;div class=&#34;card-header&#34;&gt;
      
        XML
      
    &lt;/div&gt;
  
  &lt;div class=&#34;card-body&#34;&gt;
    
    
    
      &lt;p class=&#34;card-text&#34;&gt;
        
          &lt;pre&gt;&lt;code class=&#34;language-xml&#34;&gt;&amp;lt;root&amp;gt;
  &amp;lt;child attr=&amp;quot;xxx&amp;quot;&amp;gt;some val&amp;lt;/child&amp;gt;
&amp;lt;/root&amp;gt;
&lt;/code&gt;&lt;/pre&gt;

        
      &lt;/p&gt;
    
  &lt;/div&gt;
  
&lt;/div&gt;

&lt;/div&gt;
&lt;p&gt;The markdown for this is:&lt;/p&gt;
&lt;pre&gt;&lt;code class=&#34;language-marckdown&#34;&gt;{{&amp;lt; cardpane &amp;gt;}}
  {{&amp;lt; card header=&amp;quot;YAML&amp;quot; &amp;gt;}}
```yaml
---
root:
  someKey: &amp;quot;value&amp;quot;
```
  {{&amp;lt; /card &amp;gt;}}
  {{&amp;lt; card header=&amp;quot;XML&amp;quot; &amp;gt;}}
```xml
&amp;lt;root&amp;gt;
  &amp;lt;child attr=&amp;quot;xxx&amp;quot;&amp;gt;some val&amp;lt;/child&amp;gt;
&amp;lt;/root&amp;gt;
```
  {{&amp;lt; /card &amp;gt;}}
{{&amp;lt; /cardpane &amp;gt;}}
&lt;/code&gt;&lt;/pre&gt;
&lt;h2 id=&#34;tabbed-panes&#34;&gt;Tabbed panes&lt;/h2&gt;
&lt;p&gt;Hugo/Docsy have shortcodes for 





&lt;span class=&#34;external-link&#34;&gt;
&lt;a href=&#34;https://www.docsy.dev/docs/adding-content/shortcodes/#tabbed-panes&#34; class=&#34;&#34; style=&#34;&#34;&gt;tabbed panes&lt;/a&gt;
&lt;i class=&#34;external-link-icon fas fa-external-link-alt fa-sm text-secondary&#34; title=&#34;External link&#34;&gt;&lt;/i&gt;
&lt;/span&gt;
 however these mean only one tab will be printed or visible in the generated PDF so there use should be avoided.&lt;/p&gt;

      </description>
    </item>
    
    <item>
      <title>Community: Images</title>
      <link>/community/documentation/style-guide/using-images/</link>
      <pubDate>Mon, 01 Jan 0001 00:00:00 +0000</pubDate>
      
      <guid>/community/documentation/style-guide/using-images/</guid>
      <description>
        
        
        &lt;h2 id=&#34;image-assets&#34;&gt;Image assets&lt;/h2&gt;
&lt;p&gt;All Images should be placed in &lt;code&gt;/assets/images/&lt;/code&gt; or within a descendent directory of it.
Images should be added to the markdown using the &lt;code&gt;image&lt;/code&gt; shortcode.
This ensures a consistent look for all images and allows control of the size of the image.&lt;/p&gt;
&lt;p&gt;The short code can be added in the following ways.&lt;/p&gt;
&lt;pre&gt;&lt;code class=&#34;language-markdown&#34;&gt;{{&amp;lt; image &amp;quot;style-guide/stroom-oo.svg&amp;quot; &amp;quot;200x&amp;quot; &amp;gt;}}

{{&amp;lt; image &amp;quot;style-guide/stroom-oo.png&amp;quot; &amp;gt;}}

{{&amp;lt; image &amp;quot;style-guide/stroom-oo.svg&amp;quot; &amp;quot;200x&amp;quot; &amp;gt;}}Image caption{{&amp;lt; /image &amp;gt;}}
&lt;/code&gt;&lt;/pre&gt;
&lt;p&gt;All paths used in the &lt;code&gt;image&lt;/code&gt; shortcode are relative to &lt;code&gt;/assets/images&lt;/code&gt;.&lt;/p&gt;
&lt;p&gt;The following shows an example of the directory structure.&lt;/p&gt;
&lt;pre&gt;&lt;code class=&#34;language-text&#34;&gt;
/assets
   /images
      /section-x
         /sub-section-y
            /page1
               /image.svg
/content
   /en
      /docs
         /section-x
            /sub-section-y
               page1.md - #image shortcode used in here
&lt;/code&gt;&lt;/pre&gt;
&lt;p&gt;Where images are only used by one page then the directory structure in &lt;code&gt;/assets&lt;/code&gt; ought to mirror that of the page the images are used in, as shown above.
If images are used by multiple pages then some other sensible organisation of the images should be used, e.g. &lt;code&gt;/assets/images/section-x&lt;/code&gt; if they are limited to pages in one section, or &lt;code&gt;/aaets/images/common&lt;/code&gt; if they are used in multiple sections.&lt;/p&gt;
&lt;h3 id=&#34;captions&#34;&gt;Captions&lt;/h3&gt;
&lt;p&gt;The image can be displayed with a caption:&lt;/p&gt;







  
  
  
  
  







  
  



&lt;div class=&#34;card rounded shadow-stroom p-2 td-post-card mb-4 mt-4&#34; style=&#34;max-width: 210px&#34;&gt;

  &lt;a title=&#34;images/style-guide/svg-logo.svg&#34; href=&#34;../../images/style-guide/svg-logo.svg&#34;&gt;
    &lt;figure style=&#34;margin-block-end: 0px&#34; &gt;
      
      &lt;img class=&#34;card-img-top&#34; src=&#34;../../images/style-guide/svg-logo.svg&#34; width=&#34;200&#34; alt=&#34;images/style-guide/svg-logo.svg&#34;&gt;
      

      
      &lt;div class=&#34;card-body px-0 pt-2 pb-0&#34;&gt;
        &lt;hr style=&#34;border-top: 1px solid #ddd; margin-top: 0px; margin-bottom:4px;&#34;&gt;
        &lt;figcaption class=&#34;card-text&#34; style=&#34;font-size: smaller; text-align: center;&#34;&gt;
By W3C SVG Logo, CC BY-SA 4.0, https://commons.wikimedia.org/w/index.php?curid=105996438
&lt;/figcaption&gt;
      &lt;/div&gt;
      
    &lt;/figure&gt;
  &lt;/a&gt;
&lt;/div&gt;

&lt;h3 id=&#34;size&#34;&gt;Size&lt;/h3&gt;
&lt;p&gt;The image can be defined with a maximum width (e.g. &lt;code&gt;&amp;quot;300x&amp;quot;&lt;/code&gt;) or a maximum height (&lt;code&gt;&amp;quot;x200&amp;quot;&lt;/code&gt;).&lt;/p&gt;







  
  
  
  
  







  
  



&lt;div class=&#34;card rounded shadow-stroom p-2 td-post-card mb-4 mt-4&#34; style=&#34;max-width: 130px&#34;&gt;

  &lt;a title=&#34;images/style-guide/svg-logo.svg&#34; href=&#34;../../images/style-guide/svg-logo.svg&#34;&gt;
    &lt;figure style=&#34;margin-block-end: 0px&#34; &gt;
      
      &lt;img class=&#34;card-img-top&#34; src=&#34;../../images/style-guide/svg-logo.svg&#34; width=&#34;120&#34; alt=&#34;images/style-guide/svg-logo.svg&#34;&gt;
      

      
    &lt;/figure&gt;
  &lt;/a&gt;
&lt;/div&gt;

&lt;h3 id=&#34;png-files&#34;&gt;.png files&lt;/h3&gt;
&lt;p&gt;&lt;code&gt;.png&lt;/code&gt; files can be rendered in their original size by omitting the size argument.&lt;/p&gt;







  
  
  
  
  







  



&lt;div class=&#34;card rounded shadow-stroom p-2 td-post-card mb-4 mt-4&#34; style=&#34;width: fit-content;&#34;&gt;

  &lt;a title=&#34;images/style-guide/stroom-amber.png&#34; href=&#34;../../images/style-guide/stroom-amber.png&#34;&gt;
    &lt;figure style=&#34;margin-block-end: 0px&#34; &gt;
      
      &lt;img class=&#34;card-img-top&#34; src=&#34;../../images/style-guide/stroom-amber.png&#34; alt=&#34;images/style-guide/stroom-amber.png&#34;&gt;
      

      
    &lt;/figure&gt;
  &lt;/a&gt;
&lt;/div&gt;

&lt;p&gt;Or they can be rendered with a set size.&lt;/p&gt;







  
  
  
  
  







  
  



&lt;div class=&#34;card rounded shadow-stroom p-2 td-post-card mb-4 mt-4&#34; style=&#34;max-width: 60px&#34;&gt;

  &lt;a title=&#34;images/style-guide/stroom-amber.png&#34; href=&#34;../../images/style-guide/stroom-amber.png&#34;&gt;
    &lt;figure style=&#34;margin-block-end: 0px&#34; &gt;
      
      &lt;img class=&#34;card-img-top&#34; src=&#34;../../images/style-guide/stroom-amber.png&#34; width=&#34;50&#34; alt=&#34;images/style-guide/stroom-amber.png&#34;&gt;
      

      
    &lt;/figure&gt;
  &lt;/a&gt;
&lt;/div&gt;

&lt;h2 id=&#34;using-global-assets-resources&#34;&gt;Using global &lt;code&gt;/assets/&lt;/code&gt; resources&lt;/h2&gt;
&lt;p&gt;For images that are shared by multiple page bundles, e.g. stroom icons, place them in &lt;code&gt;/assets/images/&lt;/code&gt;.
The image path is relative to &lt;code&gt;/assets/images/&lt;/code&gt;, e.g. file  &lt;code&gt;/assets/images/style-guide/svg-example.svg&lt;/code&gt; becomes:&lt;/p&gt;
&lt;pre&gt;&lt;code class=&#34;language-markdown&#34;&gt;{{&amp;lt; image &amp;quot;style-guide/svg-example.svg&amp;quot; &amp;quot;200x&amp;quot; &amp;gt;}}
&lt;/code&gt;&lt;/pre&gt;







  
  
  
  
  







  
  



&lt;div class=&#34;card rounded shadow-stroom p-2 td-post-card mb-4 mt-4&#34; style=&#34;max-width: 210px&#34;&gt;

  &lt;a title=&#34;images/style-guide/svg-example.svg&#34; href=&#34;../../images/style-guide/svg-example.svg&#34;&gt;
    &lt;figure style=&#34;margin-block-end: 0px&#34; &gt;
      
      &lt;img class=&#34;card-img-top&#34; src=&#34;../../images/style-guide/svg-example.svg&#34; width=&#34;200&#34; alt=&#34;images/style-guide/svg-example.svg&#34;&gt;
      

      
      &lt;div class=&#34;card-body px-0 pt-2 pb-0&#34;&gt;
        &lt;hr style=&#34;border-top: 1px solid #ddd; margin-top: 0px; margin-bottom:4px;&#34;&gt;
        &lt;figcaption class=&#34;card-text&#34; style=&#34;font-size: smaller; text-align: center;&#34;&gt;
This is some optional caption text for the image.
And this is another line.
&lt;/figcaption&gt;
      &lt;/div&gt;
      
    &lt;/figure&gt;
  &lt;/a&gt;
&lt;/div&gt;

&lt;h2 id=&#34;plantuml&#34;&gt;PlantUML&lt;/h2&gt;
&lt;p&gt;&lt;a href=&#34;https://plantuml.com&#34;&gt;PlantUML&lt;/a&gt; is the favoured tool for producing diagrams such as UML diagrams, entity relationship diagrams and other more general architecture diagrams.
The diagrams are written in plain text which makes them easy to version control.
The plantUML syntax can then be converted into image files, e.g. .svg files.&lt;/p&gt;
&lt;p&gt;A plantUML diagram looks like this in plain text form:&lt;/p&gt;
&lt;pre&gt;&lt;code class=&#34;language-plantuml&#34;&gt;@startuml
Alice -&amp;gt; Bob: Authentication Request
Bob --&amp;gt; Alice: Authentication Response

Alice -&amp;gt; Bob: Another authentication Request
Alice &amp;lt;-- Bob: Another authentication Response
@enduml
&lt;/code&gt;&lt;/pre&gt;
&lt;p&gt;PlantUML diagrams should be saved in a dedicated &lt;code&gt;.puml&lt;/code&gt; file in the same folder as the page that will display it.
If it is needed by multiple pages then it should be saved in &lt;code&gt;/assets/images/&lt;/code&gt;.&lt;/p&gt;
&lt;p&gt;The build process will convert all &lt;code&gt;.puml&lt;/code&gt; files to a corresponding &lt;code&gt;.puml.svg&lt;/code&gt; file.
These generated &lt;code&gt;.puml.svg&lt;/code&gt; files are ignored by git so need to be regenerated at build time or when you change a &lt;code&gt;.puml&lt;/code&gt; file.
The images can be generated by doing:&lt;/p&gt;
&lt;pre&gt;&lt;code class=&#34;language-bash&#34;&gt;./container_build/runInPumlDocker.sh SVG
&lt;/code&gt;&lt;/pre&gt;
&lt;p&gt;You should embed an PlantUML image like this, using the &lt;code&gt;.puml.svg&lt;/code&gt; file (that may not yet exist, but will have to exist before the site is built):&lt;/p&gt;







  
  
  
  
  







  
  



&lt;div class=&#34;card rounded shadow-stroom p-2 td-post-card mb-4 mt-4&#34; style=&#34;max-width: 310px&#34;&gt;

  &lt;a title=&#34;images/style-guide/puml-example.puml.svg&#34; href=&#34;../../images/style-guide/puml-example.puml.svg&#34;&gt;
    &lt;figure style=&#34;margin-block-end: 0px&#34; &gt;
      
      &lt;img class=&#34;card-img-top&#34; src=&#34;../../images/style-guide/puml-example.puml.svg&#34; width=&#34;300&#34; alt=&#34;images/style-guide/puml-example.puml.svg&#34;&gt;
      

      
    &lt;/figure&gt;
  &lt;/a&gt;
&lt;/div&gt;

&lt;h2 id=&#34;using-page-resources&#34;&gt;Using page resources&lt;/h2&gt;
&lt;p&gt;Images can be located in a &lt;a href=&#34;https://gohugo.io/content-management/page-bundles/&#34;&gt;page bundle (external link)&lt;/a&gt;.
This is where the page is defined as a named directory (rather than a &lt;code&gt;.md&lt;/code&gt; file) with an associated &lt;code&gt;index.md&lt;/code&gt; file for the markdown contnet.
All other items in the directory are page resources that can be used by the page, i.e. image files.&lt;/p&gt;

&lt;div class=&#34;alert alert-warning&#34; role=&#34;alert&#34;&gt;
&lt;h4 class=&#34;alert-heading&#34;&gt;Warning&lt;/h4&gt;

    Whilst you can structure your site using page resources the preffered approach for stroom-docs is to use the common assets directory.
This keeps all the images in one place and means pages can have a named markdown file rather than all being called &lt;code&gt;index.md&lt;/code&gt;.

&lt;/div&gt;


&lt;p&gt;Use the &lt;code&gt;image&lt;/code&gt; short code to display an image file that is located in the same directory as the page.
For the short code to work the page must be a leaf bundle (&lt;code&gt;index.md&lt;/code&gt;) or a branch bundle (&lt;code&gt;_index.md&lt;/code&gt;), i.e:&lt;/p&gt;
&lt;pre&gt;&lt;code class=&#34;language-text&#34;&gt;/docs
   /MyPage
      index.md - #image shortcode used in here
      example.svg
&lt;/code&gt;&lt;/pre&gt;
&lt;p&gt;or&lt;/p&gt;
&lt;pre&gt;&lt;code class=&#34;language-text&#34;&gt;/docs
   /MySection
      /Page1
         index.md
      /Page2
         index.md
      _index.md - #image shortcode used in here
      example.svg
&lt;/code&gt;&lt;/pre&gt;
&lt;p&gt;In the above example, the shortcode would look like:&lt;/p&gt;
&lt;pre&gt;&lt;code class=&#34;language-markdown&#34;&gt;{{&amp;lt; image &amp;quot;example.svg&amp;quot; &amp;quot;200x&amp;quot; &amp;gt;}}
&lt;/code&gt;&lt;/pre&gt;







  
  
  
  
  







  
  



&lt;div class=&#34;card rounded shadow-stroom p-2 td-post-card mb-4 mt-4&#34; style=&#34;max-width: 210px&#34;&gt;

  &lt;a title=&#34;images/style-guide/stroom-oo.svg&#34; href=&#34;../../images/style-guide/stroom-oo.svg&#34;&gt;
    &lt;figure style=&#34;margin-block-end: 0px&#34; &gt;
      
      &lt;img class=&#34;card-img-top&#34; src=&#34;../../images/style-guide/stroom-oo.svg&#34; width=&#34;200&#34; alt=&#34;images/style-guide/stroom-oo.svg&#34;&gt;
      

      
    &lt;/figure&gt;
  &lt;/a&gt;
&lt;/div&gt;

&lt;h2 id=&#34;stroom-icons&#34;&gt;Stroom icons&lt;/h2&gt;
&lt;p&gt;Stroom UI icons such as 







&lt;img class=&#34;stroom-icon&#34; src=&#34;../../images/stroom-ui/add.svg&#34; width=&#34;16px&#34; title=&#34;Add&#34; alt=&#34;add.svg&#34;&gt;
 or 







&lt;img class=&#34;stroom-icon&#34; src=&#34;../../images/stroom-ui/explorer.svg&#34; width=&#34;16px&#34; title=&#34;Explorer Tree&#34; alt=&#34;explorer.svg&#34;&gt;
 can be added in line like this.
The first argument is the filename (and path) of the icon file.
The filename is relative to &lt;code&gt;/assets/images/stroom-ui/&lt;/code&gt;.
The second argument is the hover tip title that will be given to the icon.
E.g:&lt;/p&gt;
&lt;pre&gt;&lt;code class=&#34;language-markdown&#34;&gt;or {{&amp;lt; stroom-icon &amp;quot;explorer.svg&amp;quot; &amp;quot;Explorer Tree&amp;quot; &amp;gt;}} can be added in line like this.
&lt;/code&gt;&lt;/pre&gt;
&lt;p&gt;Stroom pipeline elements can be added in line like this 







&lt;img class=&#34;stroom-icon&#34; src=&#34;../../images/stroom-ui/pipeline/split.svg&#34; width=&#34;16px&#34; title=&#34;Split&#34; alt=&#34;pipeline/split.svg&#34;&gt;
.
E.g:&lt;/p&gt;
&lt;pre&gt;&lt;code class=&#34;language-markdown&#34;&gt;like this {{&amp;lt; stroom-icon &amp;quot;pipeline/split.svg&amp;quot; &amp;quot;Split&amp;quot; &amp;gt;}}.
&lt;/code&gt;&lt;/pre&gt;
&lt;p&gt;Stroom document elements can be added in line like this 







&lt;img class=&#34;stroom-icon&#34; src=&#34;../../images/stroom-ui/document/Visualisation.svg&#34; width=&#34;16px&#34; title=&#34;Visualisation&#34; alt=&#34;document/Visualisation.svg&#34;&gt;
.
E.g:&lt;/p&gt;
&lt;pre&gt;&lt;code class=&#34;language-markdown&#34;&gt;like this {{&amp;lt; stroom-icon &amp;quot;document/Visualisation.svg&amp;quot; &amp;quot;Visualisation&amp;quot; &amp;gt;}}.
&lt;/code&gt;&lt;/pre&gt;
&lt;p&gt;For a full list of all available icons see the &lt;a href=&#34;../../community/documentation/style-guide/icon-gallery/&#34;&gt;Icon Gallery&lt;/a&gt;&lt;/p&gt;

      </description>
    </item>
    
  </channel>
</rss>
