<rss version="2.0" xmlns:atom="http://www.w3.org/2005/Atom">
  <channel>
    <title>Stroom – dictionary</title>
    <link>/tags/dictionary/</link>
    <description>Recent content in dictionary on Stroom</description>
    <generator>Hugo -- gohugo.io</generator>
    <lastBuildDate>Tue, 27 Jul 2021 00:00:00 +0000</lastBuildDate>
    
	  <atom:link href="/tags/dictionary/index.xml" rel="self" type="application/rss+xml" />
    
    
      
        
      
    
    
    <item>
      <title>Docs: Dictionaries</title>
      <link>/docs/user-guide/dashboards/dictionaries/</link>
      <pubDate>Tue, 27 Jul 2021 00:00:00 +0000</pubDate>
      
      <guid>/docs/user-guide/dashboards/dictionaries/</guid>
      <description>
        
        
        &lt;h2 id=&#34;creating&#34;&gt;Creating&lt;/h2&gt;
&lt;p&gt;Right click on a folder in the explorer tree that you want to create a dictionary in. Choose ‘New/Dictionary’ from the popup menu:&lt;/p&gt;
&lt;blockquote&gt;
&lt;p&gt;&lt;strong&gt;TODO&lt;/strong&gt;: Fix image&lt;/p&gt;
&lt;/blockquote&gt;
&lt;p&gt;Call the dictionary something like ‘My Dictionary’ and click OK.&lt;/p&gt;
&lt;blockquote&gt;
&lt;p&gt;&lt;strong&gt;TODO&lt;/strong&gt;: Fix image&lt;/p&gt;
&lt;/blockquote&gt;
&lt;p&gt;Now just add any search terms you want to the newly created dictionary and click save.&lt;/p&gt;
&lt;blockquote&gt;
&lt;p&gt;&lt;strong&gt;TODO&lt;/strong&gt;: Fix image&lt;/p&gt;
&lt;/blockquote&gt;
&lt;p&gt;You can add multiple terms.&lt;/p&gt;
&lt;ul&gt;
&lt;li&gt;Terms on separate lines act as if they are part of an &amp;lsquo;OR&amp;rsquo; expression when used in a search.&lt;/li&gt;
&lt;li&gt;Terms on a single line separated by spaces act as if they are part of an &amp;lsquo;AND&amp;rsquo; expression when used in a search.&lt;/li&gt;
&lt;/ul&gt;
&lt;h2 id=&#34;using&#34;&gt;Using&lt;/h2&gt;
&lt;p&gt;To perform a search using your dictionary, just choose the newly created dictionary as part of your search expression:&lt;/p&gt;
&lt;blockquote&gt;
&lt;p&gt;&lt;strong&gt;TODO&lt;/strong&gt;: Fix image&lt;/p&gt;
&lt;/blockquote&gt;

      </description>
    </item>
    
  </channel>
</rss>
