<rss version="2.0" xmlns:atom="http://www.w3.org/2005/Atom">
  <channel>
    <title>Stroom – task</title>
    <link>/tags/task/</link>
    <description>Recent content in task on Stroom</description>
    <generator>Hugo -- gohugo.io</generator>
    <lastBuildDate>Fri, 09 Jul 2021 00:00:00 +0000</lastBuildDate>
    
	  <atom:link href="/tags/task/index.xml" rel="self" type="application/rss+xml" />
    
    
      
        
      
    
    
    <item>
      <title>Docs: Task Management</title>
      <link>/docs/howtos/general/taskshowto/</link>
      <pubDate>Fri, 09 Jul 2021 00:00:00 +0000</pubDate>
      
      <guid>/docs/howtos/general/taskshowto/</guid>
      <description>
        
        
        &lt;p&gt;Various
&lt;a href=&#34;../../docs/user-guide/jobs/&#34;&gt;Tasks&lt;/a&gt;
run in the background within Stroom. This HOWTO demonstrates how to manage these tasks&lt;/p&gt;
&lt;h2 id=&#34;assumptions&#34;&gt;Assumptions&lt;/h2&gt;
&lt;ul&gt;
&lt;li&gt;All Sections&lt;/li&gt;
&lt;li&gt;an account with the &lt;code&gt;Administrator&lt;/code&gt; Application &lt;a href=&#34;../../docs/user-guide/roles/&#34;&gt;Permission&lt;/a&gt; is currently logged in.&lt;/li&gt;
&lt;li&gt;Proxy Aggregation Tasks&lt;/li&gt;
&lt;li&gt;we have a multi node Stroom cluster with two nodes, &lt;code&gt;stroomp00&lt;/code&gt; and &lt;code&gt;stroomp01&lt;/code&gt;.&lt;/li&gt;
&lt;li&gt;Stream Processor Tasks&lt;/li&gt;
&lt;li&gt;we have a multi node Stroom cluster with two nodes, &lt;code&gt;stroomp00&lt;/code&gt; and &lt;code&gt;stroomp01&lt;/code&gt;.&lt;/li&gt;
&lt;li&gt;when demonstrating adding a new node to an existing cluster, the new node is &lt;code&gt;stroomp02&lt;/code&gt;.&lt;/li&gt;
&lt;/ul&gt;
&lt;h2 id=&#34;proxy-aggregation&#34;&gt;Proxy Aggregation&lt;/h2&gt;
&lt;h2 id=&#34;turn-off-proxy-aggregation&#34;&gt;Turn Off Proxy Aggregation&lt;/h2&gt;
&lt;p&gt;We first select the &lt;code&gt;Monitoring&lt;/code&gt; item of the &lt;strong&gt;Main Menu&lt;/strong&gt; to bring up the &lt;code&gt;Monitoring&lt;/code&gt; sub-menu.&lt;/p&gt;







  
  
  
  
  







  



&lt;div class=&#34;card rounded shadow-stroom p-2 td-post-card mb-4 mt-4&#34; style=&#34;width: fit-content;&#34;&gt;

  &lt;a title=&#34;images/HOWTOs/UI-MonitoringSubmenu-00.png&#34; href=&#34;../../images/HOWTOs/UI-MonitoringSubmenu-00.png&#34;&gt;
    &lt;figure style=&#34;margin-block-end: 0px&#34; &gt;
      
      &lt;img class=&#34;card-img-top&#34; src=&#34;../../images/HOWTOs/UI-MonitoringSubmenu-00.png&#34; alt=&#34;images/HOWTOs/UI-MonitoringSubmenu-00.png&#34;&gt;
      

      
      &lt;div class=&#34;card-body px-0 pt-2 pb-0&#34;&gt;
        &lt;hr style=&#34;border-top: 1px solid #ddd; margin-top: 0px; margin-bottom:4px;&#34;&gt;
        &lt;figcaption class=&#34;card-text&#34; style=&#34;font-size: smaller; text-align: center;&#34;&gt;Stroom UI Monitoring sub-menu&lt;/figcaption&gt;
      &lt;/div&gt;
      
    &lt;/figure&gt;
  &lt;/a&gt;
&lt;/div&gt;

&lt;p&gt;then move down and select the &lt;code&gt;Jobs&lt;/code&gt; sub-item to be presented with the &lt;code&gt;Jobs&lt;/code&gt; configuration tab as seen below.&lt;/p&gt;







  
  
  
  
  







  



&lt;div class=&#34;card rounded shadow-stroom p-2 td-post-card mb-4 mt-4&#34; style=&#34;width: fit-content;&#34;&gt;

  &lt;a title=&#34;images/HOWTOs/UI-JobsTab-00.png&#34; href=&#34;../../images/HOWTOs/UI-JobsTab-00.png&#34;&gt;
    &lt;figure style=&#34;margin-block-end: 0px&#34; &gt;
      
      &lt;img class=&#34;card-img-top&#34; src=&#34;../../images/HOWTOs/UI-JobsTab-00.png&#34; alt=&#34;images/HOWTOs/UI-JobsTab-00.png&#34;&gt;
      

      
      &lt;div class=&#34;card-body px-0 pt-2 pb-0&#34;&gt;
        &lt;hr style=&#34;border-top: 1px solid #ddd; margin-top: 0px; margin-bottom:4px;&#34;&gt;
        &lt;figcaption class=&#34;card-text&#34; style=&#34;font-size: smaller; text-align: center;&#34;&gt;Stroom UI Jobs Management - management tab&lt;/figcaption&gt;
      &lt;/div&gt;
      
    &lt;/figure&gt;
  &lt;/a&gt;
&lt;/div&gt;

&lt;p&gt;At this we can select the &lt;code&gt;Proxy Aggregation&lt;/code&gt; &lt;em&gt;Job&lt;/em&gt; whose check-box is selected and the tab will show the individual Stroom Processor nodes
in the deployment.&lt;/p&gt;







  
  
  
  
  







  



&lt;div class=&#34;card rounded shadow-stroom p-2 td-post-card mb-4 mt-4&#34; style=&#34;width: fit-content;&#34;&gt;

  &lt;a title=&#34;images/HOWTOs/UI-ProxyAggregation-00.png&#34; href=&#34;../../images/HOWTOs/UI-ProxyAggregation-00.png&#34;&gt;
    &lt;figure style=&#34;margin-block-end: 0px&#34; &gt;
      
      &lt;img class=&#34;card-img-top&#34; src=&#34;../../images/HOWTOs/UI-ProxyAggregation-00.png&#34; alt=&#34;images/HOWTOs/UI-ProxyAggregation-00.png&#34;&gt;
      

      
      &lt;div class=&#34;card-body px-0 pt-2 pb-0&#34;&gt;
        &lt;hr style=&#34;border-top: 1px solid #ddd; margin-top: 0px; margin-bottom:4px;&#34;&gt;
        &lt;figcaption class=&#34;card-text&#34; style=&#34;font-size: smaller; text-align: center;&#34;&gt;Stroom UI Jobs Management - Proxy Aggregation Job&lt;/figcaption&gt;
      &lt;/div&gt;
      
    &lt;/figure&gt;
  &lt;/a&gt;
&lt;/div&gt;

&lt;p&gt;At this, uncheck the &lt;code&gt;Enabled&lt;/code&gt; check-boxes for both nodes and also the main Proxy Aggregation check-box to see.&lt;/p&gt;







  
  
  
  
  







  



&lt;div class=&#34;card rounded shadow-stroom p-2 td-post-card mb-4 mt-4&#34; style=&#34;width: fit-content;&#34;&gt;

  &lt;a title=&#34;images/HOWTOs/UI-ProxyAggregation-01.png&#34; href=&#34;../../images/HOWTOs/UI-ProxyAggregation-01.png&#34;&gt;
    &lt;figure style=&#34;margin-block-end: 0px&#34; &gt;
      
      &lt;img class=&#34;card-img-top&#34; src=&#34;../../images/HOWTOs/UI-ProxyAggregation-01.png&#34; alt=&#34;images/HOWTOs/UI-ProxyAggregation-01.png&#34;&gt;
      

      
      &lt;div class=&#34;card-body px-0 pt-2 pb-0&#34;&gt;
        &lt;hr style=&#34;border-top: 1px solid #ddd; margin-top: 0px; margin-bottom:4px;&#34;&gt;
        &lt;figcaption class=&#34;card-text&#34; style=&#34;font-size: smaller; text-align: center;&#34;&gt;Stroom UI Jobs Management - Proxy Aggregation Job Off&lt;/figcaption&gt;
      &lt;/div&gt;
      
    &lt;/figure&gt;
  &lt;/a&gt;
&lt;/div&gt;

&lt;p&gt;At this point, no new proxy aggregation will occur and any inbound files received by the Store Proxies will accumulate in the proxy storage area.&lt;/p&gt;
&lt;h3 id=&#34;turn-on-proxy-aggregation&#34;&gt;Turn On Proxy Aggregation&lt;/h3&gt;
&lt;p&gt;We first select the &lt;code&gt;Monitoring&lt;/code&gt; item of the &lt;strong&gt;Main Menu&lt;/strong&gt; to bring up the &lt;code&gt;Monitoring&lt;/code&gt; sub-menu.&lt;/p&gt;







  
  
  
  
  







  



&lt;div class=&#34;card rounded shadow-stroom p-2 td-post-card mb-4 mt-4&#34; style=&#34;width: fit-content;&#34;&gt;

  &lt;a title=&#34;images/HOWTOs/UI-MonitoringSubmenu-00.png&#34; href=&#34;../../images/HOWTOs/UI-MonitoringSubmenu-00.png&#34;&gt;
    &lt;figure style=&#34;margin-block-end: 0px&#34; &gt;
      
      &lt;img class=&#34;card-img-top&#34; src=&#34;../../images/HOWTOs/UI-MonitoringSubmenu-00.png&#34; alt=&#34;images/HOWTOs/UI-MonitoringSubmenu-00.png&#34;&gt;
      

      
      &lt;div class=&#34;card-body px-0 pt-2 pb-0&#34;&gt;
        &lt;hr style=&#34;border-top: 1px solid #ddd; margin-top: 0px; margin-bottom:4px;&#34;&gt;
        &lt;figcaption class=&#34;card-text&#34; style=&#34;font-size: smaller; text-align: center;&#34;&gt;Stroom UI Monitoring sub-menu&lt;/figcaption&gt;
      &lt;/div&gt;
      
    &lt;/figure&gt;
  &lt;/a&gt;
&lt;/div&gt;

&lt;p&gt;then move down and select the &lt;code&gt;Jobs&lt;/code&gt; sub-item then select the &lt;code&gt;Proxy Aggregation&lt;/code&gt; &lt;em&gt;Job&lt;/em&gt; to be presented with the &lt;code&gt;Jobs&lt;/code&gt; configuration tab as seen below.&lt;/p&gt;







  
  
  
  
  







  



&lt;div class=&#34;card rounded shadow-stroom p-2 td-post-card mb-4 mt-4&#34; style=&#34;width: fit-content;&#34;&gt;

  &lt;a title=&#34;images/HOWTOs/UI-ProxyAggregation-01.png&#34; href=&#34;../../images/HOWTOs/UI-ProxyAggregation-01.png&#34;&gt;
    &lt;figure style=&#34;margin-block-end: 0px&#34; &gt;
      
      &lt;img class=&#34;card-img-top&#34; src=&#34;../../images/HOWTOs/UI-ProxyAggregation-01.png&#34; alt=&#34;images/HOWTOs/UI-ProxyAggregation-01.png&#34;&gt;
      

      
      &lt;div class=&#34;card-body px-0 pt-2 pb-0&#34;&gt;
        &lt;hr style=&#34;border-top: 1px solid #ddd; margin-top: 0px; margin-bottom:4px;&#34;&gt;
        &lt;figcaption class=&#34;card-text&#34; style=&#34;font-size: smaller; text-align: center;&#34;&gt;Stroom UI Jobs Management - Proxy Aggregation Job Off&lt;/figcaption&gt;
      &lt;/div&gt;
      
    &lt;/figure&gt;
  &lt;/a&gt;
&lt;/div&gt;

&lt;p&gt;Now, re-enable each node&amp;rsquo;s &lt;code&gt;Proxy Aggregation&lt;/code&gt; check-box and the main &lt;code&gt;Proxy Aggregation&lt;/code&gt; check-box.&lt;/p&gt;
&lt;p&gt;After checking the check-boxes, perform a refresh of the display by pressing
the &lt;em&gt;Refresh&lt;/em&gt; icon 






  
  
  
  
  







  



&lt;div class=&#34;card rounded shadow-stroom p-2 td-post-card mb-4 mt-4&#34; style=&#34;width: fit-content;&#34;&gt;

  &lt;a title=&#34;images/HOWTOs/icons/refresh.png&#34; href=&#34;../../images/HOWTOs/icons/refresh.png&#34;&gt;
    &lt;figure style=&#34;margin-block-end: 0px&#34; &gt;
      
      &lt;img class=&#34;card-img-top&#34; src=&#34;../../images/HOWTOs/icons/refresh.png&#34; alt=&#34;images/HOWTOs/icons/refresh.png&#34;&gt;
      

      
      &lt;div class=&#34;card-body px-0 pt-2 pb-0&#34;&gt;
        &lt;hr style=&#34;border-top: 1px solid #ddd; margin-top: 0px; margin-bottom:4px;&#34;&gt;
        &lt;figcaption class=&#34;card-text&#34; style=&#34;font-size: smaller; text-align: center;&#34;&gt;Stroom UI RefreshButton&lt;/figcaption&gt;
      &lt;/div&gt;
      
    &lt;/figure&gt;
  &lt;/a&gt;
&lt;/div&gt;
&lt;/p&gt;
&lt;p&gt;on the top right of the lower (node display) pane. You should note the &lt;code&gt;Last Executed&lt;/code&gt; date/time change to see&lt;/p&gt;
&lt;p&gt;






  
  
  
  
  







  



&lt;div class=&#34;card rounded shadow-stroom p-2 td-post-card mb-4 mt-4&#34; style=&#34;width: fit-content;&#34;&gt;

  &lt;a title=&#34;images/HOWTOs/UI-TestProxyAggregation-00.png&#34; href=&#34;../../images/HOWTOs/UI-TestProxyAggregation-00.png&#34;&gt;
    &lt;figure style=&#34;margin-block-end: 0px&#34; &gt;
      
      &lt;img class=&#34;card-img-top&#34; src=&#34;../../images/HOWTOs/UI-TestProxyAggregation-00.png&#34; alt=&#34;images/HOWTOs/UI-TestProxyAggregation-00.png&#34;&gt;
      

      
      &lt;div class=&#34;card-body px-0 pt-2 pb-0&#34;&gt;
        &lt;hr style=&#34;border-top: 1px solid #ddd; margin-top: 0px; margin-bottom:4px;&#34;&gt;
        &lt;figcaption class=&#34;card-text&#34; style=&#34;font-size: smaller; text-align: center;&#34;&gt;Stroom UI Test Feed - Re-enable Proxy Aggregation&lt;/figcaption&gt;
      &lt;/div&gt;
      
    &lt;/figure&gt;
  &lt;/a&gt;
&lt;/div&gt;
.&lt;/p&gt;
&lt;h2 id=&#34;stream-processors&#34;&gt;Stream Processors&lt;/h2&gt;
&lt;h3 id=&#34;enable-stream-processors&#34;&gt;Enable Stream Processors&lt;/h3&gt;
&lt;p&gt;To enable the &lt;code&gt;Stream Processors&lt;/code&gt; task, move to the &lt;code&gt;Monitoring&lt;/code&gt; item of the &lt;strong&gt;Main Menu&lt;/strong&gt; and select it to bring up the &lt;code&gt;Monitoring&lt;/code&gt; sub-menu.&lt;/p&gt;







  
  
  
  
  







  



&lt;div class=&#34;card rounded shadow-stroom p-2 td-post-card mb-4 mt-4&#34; style=&#34;width: fit-content;&#34;&gt;

  &lt;a title=&#34;images/HOWTOs/UI-MonitoringSubmenu-00.png&#34; href=&#34;../../images/HOWTOs/UI-MonitoringSubmenu-00.png&#34;&gt;
    &lt;figure style=&#34;margin-block-end: 0px&#34; &gt;
      
      &lt;img class=&#34;card-img-top&#34; src=&#34;../../images/HOWTOs/UI-MonitoringSubmenu-00.png&#34; alt=&#34;images/HOWTOs/UI-MonitoringSubmenu-00.png&#34;&gt;
      

      
      &lt;div class=&#34;card-body px-0 pt-2 pb-0&#34;&gt;
        &lt;hr style=&#34;border-top: 1px solid #ddd; margin-top: 0px; margin-bottom:4px;&#34;&gt;
        &lt;figcaption class=&#34;card-text&#34; style=&#34;font-size: smaller; text-align: center;&#34;&gt;Stroom UI Monitoring sub-menu&lt;/figcaption&gt;
      &lt;/div&gt;
      
    &lt;/figure&gt;
  &lt;/a&gt;
&lt;/div&gt;

&lt;p&gt;then move down and select the &lt;code&gt;Jobs&lt;/code&gt; sub-item to be presented with the &lt;code&gt;Jobs&lt;/code&gt; configuration tab as seen below.&lt;/p&gt;







  
  
  
  
  







  



&lt;div class=&#34;card rounded shadow-stroom p-2 td-post-card mb-4 mt-4&#34; style=&#34;width: fit-content;&#34;&gt;

  &lt;a title=&#34;images/HOWTOs/UI-NodeProcessors-00.png&#34; href=&#34;../../images/HOWTOs/UI-NodeProcessors-00.png&#34;&gt;
    &lt;figure style=&#34;margin-block-end: 0px&#34; &gt;
      
      &lt;img class=&#34;card-img-top&#34; src=&#34;../../images/HOWTOs/UI-NodeProcessors-00.png&#34; alt=&#34;images/HOWTOs/UI-NodeProcessors-00.png&#34;&gt;
      

      
      &lt;div class=&#34;card-body px-0 pt-2 pb-0&#34;&gt;
        &lt;hr style=&#34;border-top: 1px solid #ddd; margin-top: 0px; margin-bottom:4px;&#34;&gt;
        &lt;figcaption class=&#34;card-text&#34; style=&#34;font-size: smaller; text-align: center;&#34;&gt;Stroom UI Jobs Management - management tab&lt;/figcaption&gt;
      &lt;/div&gt;
      
    &lt;/figure&gt;
  &lt;/a&gt;
&lt;/div&gt;

&lt;p&gt;At this, we select the &lt;code&gt;Stream Processor&lt;/code&gt; &lt;em&gt;Job&lt;/em&gt; whose check-box is not selected and the tab will show the individual Stroom Processor
nodes in the Stroom deployment.&lt;/p&gt;







  
  
  
  
  







  



&lt;div class=&#34;card rounded shadow-stroom p-2 td-post-card mb-4 mt-4&#34; style=&#34;width: fit-content;&#34;&gt;

  &lt;a title=&#34;images/HOWTOs/UI-NodeProcessors-01.png&#34; href=&#34;../../images/HOWTOs/UI-NodeProcessors-01.png&#34;&gt;
    &lt;figure style=&#34;margin-block-end: 0px&#34; &gt;
      
      &lt;img class=&#34;card-img-top&#34; src=&#34;../../images/HOWTOs/UI-NodeProcessors-01.png&#34; alt=&#34;images/HOWTOs/UI-NodeProcessors-01.png&#34;&gt;
      

      
      &lt;div class=&#34;card-body px-0 pt-2 pb-0&#34;&gt;
        &lt;hr style=&#34;border-top: 1px solid #ddd; margin-top: 0px; margin-bottom:4px;&#34;&gt;
        &lt;figcaption class=&#34;card-text&#34; style=&#34;font-size: smaller; text-align: center;&#34;&gt;Stroom UI Jobs Management - Stream Processor&lt;/figcaption&gt;
      &lt;/div&gt;
      
    &lt;/figure&gt;
  &lt;/a&gt;
&lt;/div&gt;

&lt;p&gt;Clearly, if it was a single node Stroom deployment, you would only see the one node at the bottom of the &lt;code&gt;Jobs&lt;/code&gt; configuration tab.&lt;/p&gt;
&lt;p&gt;We enable nodes nodes by selecting their check-boxes as well as the main &lt;code&gt;Stream Processors&lt;/code&gt; check-box. Do so.&lt;/p&gt;







  
  
  
  
  







  



&lt;div class=&#34;card rounded shadow-stroom p-2 td-post-card mb-4 mt-4&#34; style=&#34;width: fit-content;&#34;&gt;

  &lt;a title=&#34;images/HOWTOs/UI-NodeProcessors-02.png&#34; href=&#34;../../images/HOWTOs/UI-NodeProcessors-02.png&#34;&gt;
    &lt;figure style=&#34;margin-block-end: 0px&#34; &gt;
      
      &lt;img class=&#34;card-img-top&#34; src=&#34;../../images/HOWTOs/UI-NodeProcessors-02.png&#34; alt=&#34;images/HOWTOs/UI-NodeProcessors-02.png&#34;&gt;
      

      
      &lt;div class=&#34;card-body px-0 pt-2 pb-0&#34;&gt;
        &lt;hr style=&#34;border-top: 1px solid #ddd; margin-top: 0px; margin-bottom:4px;&#34;&gt;
        &lt;figcaption class=&#34;card-text&#34; style=&#34;font-size: smaller; text-align: center;&#34;&gt;Stroom UI Jobs Management - Stream Processor enabled&lt;/figcaption&gt;
      &lt;/div&gt;
      
    &lt;/figure&gt;
  &lt;/a&gt;
&lt;/div&gt;

&lt;p&gt;That is it. Stroom will automatically take note of these changes and internally start each node&amp;rsquo;s Stroom Processor task.&lt;/p&gt;
&lt;h3 id=&#34;enable-stream-processors-on-new-node&#34;&gt;Enable Stream Processors On New Node&lt;/h3&gt;
&lt;p&gt;When one expands a Multi Node Stroom cluster deployment, after the installation of the Stroom Proxy and Application software and
services on the new node, we need to enable it&amp;rsquo;s &lt;code&gt;Stream Processors&lt;/code&gt; task.&lt;/p&gt;
&lt;p&gt;To enable the &lt;code&gt;Stream Processors&lt;/code&gt; for this new node, move to the &lt;code&gt;Monitoring&lt;/code&gt; item of the &lt;strong&gt;Main Menu&lt;/strong&gt; and select it to bring up the &lt;code&gt;Monitoring&lt;/code&gt; sub-menu.&lt;/p&gt;







  
  
  
  
  







  



&lt;div class=&#34;card rounded shadow-stroom p-2 td-post-card mb-4 mt-4&#34; style=&#34;width: fit-content;&#34;&gt;

  &lt;a title=&#34;images/HOWTOs/UI-MonitoringSubmenu-00.png&#34; href=&#34;../../images/HOWTOs/UI-MonitoringSubmenu-00.png&#34;&gt;
    &lt;figure style=&#34;margin-block-end: 0px&#34; &gt;
      
      &lt;img class=&#34;card-img-top&#34; src=&#34;../../images/HOWTOs/UI-MonitoringSubmenu-00.png&#34; alt=&#34;images/HOWTOs/UI-MonitoringSubmenu-00.png&#34;&gt;
      

      
      &lt;div class=&#34;card-body px-0 pt-2 pb-0&#34;&gt;
        &lt;hr style=&#34;border-top: 1px solid #ddd; margin-top: 0px; margin-bottom:4px;&#34;&gt;
        &lt;figcaption class=&#34;card-text&#34; style=&#34;font-size: smaller; text-align: center;&#34;&gt;Stroom UI Monitoring sub-menu&lt;/figcaption&gt;
      &lt;/div&gt;
      
    &lt;/figure&gt;
  &lt;/a&gt;
&lt;/div&gt;

&lt;p&gt;then move down and select the &lt;code&gt;Jobs&lt;/code&gt; sub-item to be presented with the &lt;code&gt;Jobs&lt;/code&gt; configuration tab as seen below.&lt;/p&gt;







  
  
  
  
  







  



&lt;div class=&#34;card rounded shadow-stroom p-2 td-post-card mb-4 mt-4&#34; style=&#34;width: fit-content;&#34;&gt;

  &lt;a title=&#34;images/HOWTOs/UI-NodeProcessors-00.png&#34; href=&#34;../../images/HOWTOs/UI-NodeProcessors-00.png&#34;&gt;
    &lt;figure style=&#34;margin-block-end: 0px&#34; &gt;
      
      &lt;img class=&#34;card-img-top&#34; src=&#34;../../images/HOWTOs/UI-NodeProcessors-00.png&#34; alt=&#34;images/HOWTOs/UI-NodeProcessors-00.png&#34;&gt;
      

      
      &lt;div class=&#34;card-body px-0 pt-2 pb-0&#34;&gt;
        &lt;hr style=&#34;border-top: 1px solid #ddd; margin-top: 0px; margin-bottom:4px;&#34;&gt;
        &lt;figcaption class=&#34;card-text&#34; style=&#34;font-size: smaller; text-align: center;&#34;&gt;Stroom UI Jobs Management - management tab&lt;/figcaption&gt;
      &lt;/div&gt;
      
    &lt;/figure&gt;
  &lt;/a&gt;
&lt;/div&gt;

&lt;p&gt;At this we select the &lt;code&gt;Stream Processor&lt;/code&gt; &lt;em&gt;Job&lt;/em&gt; whose check-box is selected&lt;/p&gt;







  
  
  
  
  







  



&lt;div class=&#34;card rounded shadow-stroom p-2 td-post-card mb-4 mt-4&#34; style=&#34;width: fit-content;&#34;&gt;

  &lt;a title=&#34;images/HOWTOs/UI-NewNodeProcessors-00.png&#34; href=&#34;../../images/HOWTOs/UI-NewNodeProcessors-00.png&#34;&gt;
    &lt;figure style=&#34;margin-block-end: 0px&#34; &gt;
      
      &lt;img class=&#34;card-img-top&#34; src=&#34;../../images/HOWTOs/UI-NewNodeProcessors-00.png&#34; alt=&#34;images/HOWTOs/UI-NewNodeProcessors-00.png&#34;&gt;
      

      
      &lt;div class=&#34;card-body px-0 pt-2 pb-0&#34;&gt;
        &lt;hr style=&#34;border-top: 1px solid #ddd; margin-top: 0px; margin-bottom:4px;&#34;&gt;
        &lt;figcaption class=&#34;card-text&#34; style=&#34;font-size: smaller; text-align: center;&#34;&gt;Stroom UI Jobs Management - Stream Processor new node&lt;/figcaption&gt;
      &lt;/div&gt;
      
    &lt;/figure&gt;
  &lt;/a&gt;
&lt;/div&gt;

&lt;p&gt;We enable the new node by selecting it&amp;rsquo;s check-box.&lt;/p&gt;







  
  
  
  
  







  



&lt;div class=&#34;card rounded shadow-stroom p-2 td-post-card mb-4 mt-4&#34; style=&#34;width: fit-content;&#34;&gt;

  &lt;a title=&#34;images/HOWTOs/UI-NewNodeProcessors-01.png&#34; href=&#34;../../images/HOWTOs/UI-NewNodeProcessors-01.png&#34;&gt;
    &lt;figure style=&#34;margin-block-end: 0px&#34; &gt;
      
      &lt;img class=&#34;card-img-top&#34; src=&#34;../../images/HOWTOs/UI-NewNodeProcessors-01.png&#34; alt=&#34;images/HOWTOs/UI-NewNodeProcessors-01.png&#34;&gt;
      

      
      &lt;div class=&#34;card-body px-0 pt-2 pb-0&#34;&gt;
        &lt;hr style=&#34;border-top: 1px solid #ddd; margin-top: 0px; margin-bottom:4px;&#34;&gt;
        &lt;figcaption class=&#34;card-text&#34; style=&#34;font-size: smaller; text-align: center;&#34;&gt;Stroom UI Jobs Management - Stream Processor enabled on new node&lt;/figcaption&gt;
      &lt;/div&gt;
      
    &lt;/figure&gt;
  &lt;/a&gt;
&lt;/div&gt;


      </description>
    </item>
    
  </channel>
</rss>
