<rss version="2.0" xmlns:atom="http://www.w3.org/2005/Atom">
  <channel>
    <title>Stroom – content</title>
    <link>/tags/content/</link>
    <description>Recent content in content on Stroom</description>
    <generator>Hugo -- gohugo.io</generator>
    <lastBuildDate>Wed, 12 Jan 2022 00:00:00 +0000</lastBuildDate>
    
	  <atom:link href="/tags/content/index.xml" rel="self" type="application/rss+xml" />
    
    
      
        
      
    
    
    <item>
      <title>Community: Developing Content</title>
      <link>/community/content/</link>
      <pubDate>Wed, 12 Jan 2022 00:00:00 +0000</pubDate>
      
      <guid>/community/content/</guid>
      <description>
        
        
        
&lt;div class=&#34;alert alert-warning&#34; role=&#34;alert&#34;&gt;
&lt;h4 class=&#34;alert-heading&#34;&gt;TODO&lt;/h4&gt;

    Add content

&lt;/div&gt;


      </description>
    </item>
    
  </channel>
</rss>
