<rss version="2.0" xmlns:atom="http://www.w3.org/2005/Atom">
  <channel>
    <title>Stroom – node</title>
    <link>/tags/node/</link>
    <description>Recent content in node on Stroom</description>
    <generator>Hugo -- gohugo.io</generator>
    <lastBuildDate>Tue, 27 Jul 2021 00:00:00 +0000</lastBuildDate>
    
	  <atom:link href="/tags/node/index.xml" rel="self" type="application/rss+xml" />
    
    
      
        
      
    
    
    <item>
      <title>Docs: Nodes</title>
      <link>/docs/user-guide/nodes/</link>
      <pubDate>Tue, 27 Jul 2021 00:00:00 +0000</pubDate>
      
      <guid>/docs/user-guide/nodes/</guid>
      <description>
        
        
        &lt;p&gt;All nodes in an Stroom cluster must be configured correctly for them to communicate with each other.&lt;/p&gt;
&lt;h2 id=&#34;configuring-nodes&#34;&gt;Configuring nodes&lt;/h2&gt;
&lt;p&gt;Open Monitoring/Nodes from the top menu. The nodes screen looks like this:&lt;/p&gt;

&lt;div class=&#34;alert alert-warning&#34; role=&#34;alert&#34;&gt;
&lt;h4 class=&#34;alert-heading&#34;&gt;TODO&lt;/h4&gt;

    Screenshot

&lt;/div&gt;

&lt;p&gt;You need to edit each line by selecting it and then clicking the edit 







&lt;img class=&#34;stroom-icon&#34; src=&#34;../../images/stroom-ui/edit.svg&#34; width=&#34;16px&#34; title=&#34;Edit&#34; alt=&#34;edit.svg&#34;&gt;
 icon at the bottom.
The URL for each node needs to be set as above but obviously substituting in the host name of the individual node, e.g. &lt;code&gt;http://&amp;lt;HOST_NAME&amp;gt;:8080/stroom/clustercall.rpc&lt;/code&gt;&lt;/p&gt;
&lt;p&gt;Nodes are expected communicate with each other on port 8080 over http.
Ensure you have configured your firewall to allow nodes to talk to each other over this port.
You can configure the URL to use a different port and possibly HTTPS but performance will be better with HTTP as no SSL termination is required.&lt;/p&gt;
&lt;p&gt;Once you have set the URLs of each node you should also set the master assignment priority for each node to be different to all of the others.
In the image above the priorities have been set in a random fashion to ensure that node3 assumes the role of master node for as long as it is enabled.
You also need to check all of the nodes are enabled that you want to take part in processing or any other jobs.&lt;/p&gt;
&lt;p&gt;Keep refreshing the table until all nodes show healthy pings as above.
If you do not get ping results for each node then they are not configured correctly.&lt;/p&gt;
&lt;p&gt;Once a cluster is configured correctly you will get proper distribution of processing tasks and search will be able to access all nodes to take part in a distributed query.&lt;/p&gt;

      </description>
    </item>
    
  </channel>
</rss>
