<rss version="2.0" xmlns:atom="http://www.w3.org/2005/Atom">
  <channel>
    <title>Stroom – authentication</title>
    <link>/tags/authentication/</link>
    <description>Recent content in authentication on Stroom</description>
    <generator>Hugo -- gohugo.io</generator>
    <lastBuildDate>Fri, 09 Jul 2021 00:00:00 +0000</lastBuildDate>
    
	  <atom:link href="/tags/authentication/index.xml" rel="self" type="application/rss+xml" />
    
    
      
        
      
    
    
    <item>
      <title>Docs: Authentication</title>
      <link>/docs/howtos/authentication/</link>
      <pubDate>Fri, 09 Jul 2021 00:00:00 +0000</pubDate>
      
      <guid>/docs/howtos/authentication/</guid>
      <description>
        
        
        
      </description>
    </item>
    
    <item>
      <title>Docs: Login</title>
      <link>/docs/howtos/authentication/userloginhowto/</link>
      <pubDate>Fri, 09 Jul 2021 00:00:00 +0000</pubDate>
      
      <guid>/docs/howtos/authentication/userloginhowto/</guid>
      <description>
        
        
        &lt;h2 id=&#34;assumptions&#34;&gt;Assumptions&lt;/h2&gt;
&lt;p&gt;The following assumptions are used in this document.&lt;/p&gt;
&lt;ul&gt;
&lt;li&gt;for manual login, we will log in as the user &lt;code&gt;admin&lt;/code&gt; whose password is set to &lt;code&gt;admin&lt;/code&gt; and the password is pre-expired&lt;/li&gt;
&lt;li&gt;for PKI Certificate login, the Stroom deployment would have been configured to accept PKI Logins&lt;/li&gt;
&lt;/ul&gt;
&lt;h2 id=&#34;manual-login&#34;&gt;Manual Login&lt;/h2&gt;
&lt;p&gt;Within the &lt;strong&gt;Login&lt;/strong&gt; panel, enter &lt;code&gt;admin&lt;/code&gt; into the &lt;em&gt;User Name:&lt;/em&gt; entry box and &lt;code&gt;admin&lt;/code&gt; into the &lt;em&gt;Password:&lt;/em&gt; entry box as per&lt;/p&gt;







  
  
  
  
  







  



&lt;div class=&#34;card rounded shadow-stroom p-2 td-post-card mb-4 mt-4&#34; style=&#34;width: fit-content;&#34;&gt;

  &lt;a title=&#34;images/HOWTOs/UI-Login-01.png&#34; href=&#34;../../images/HOWTOs/UI-Login-01.png&#34;&gt;
    &lt;figure style=&#34;margin-block-end: 0px&#34; &gt;
      
      &lt;img class=&#34;card-img-top&#34; src=&#34;../../images/HOWTOs/UI-Login-01.png&#34; alt=&#34;images/HOWTOs/UI-Login-01.png&#34;&gt;
      

      
      &lt;div class=&#34;card-body px-0 pt-2 pb-0&#34;&gt;
        &lt;hr style=&#34;border-top: 1px solid #ddd; margin-top: 0px; margin-bottom:4px;&#34;&gt;
        &lt;figcaption class=&#34;card-text&#34; style=&#34;font-size: smaller; text-align: center;&#34;&gt;Stroom UI Login - logging in as admin&lt;/figcaption&gt;
      &lt;/div&gt;
      
    &lt;/figure&gt;
  &lt;/a&gt;
&lt;/div&gt;

&lt;p&gt;When you press the







  
  
  
  
  







  



&lt;div class=&#34;card rounded shadow-stroom p-2 td-post-card mb-4 mt-4&#34; style=&#34;width: fit-content;&#34;&gt;

  &lt;a title=&#34;images/HOWTOs/icons/buttonLogin.png&#34; href=&#34;../../images/HOWTOs/icons/buttonLogin.png&#34;&gt;
    &lt;figure style=&#34;margin-block-end: 0px&#34; &gt;
      
      &lt;img class=&#34;card-img-top&#34; src=&#34;../../images/HOWTOs/icons/buttonLogin.png&#34; alt=&#34;images/HOWTOs/icons/buttonLogin.png&#34;&gt;
      

      
      &lt;div class=&#34;card-body px-0 pt-2 pb-0&#34;&gt;
        &lt;hr style=&#34;border-top: 1px solid #ddd; margin-top: 0px; margin-bottom:4px;&#34;&gt;
        &lt;figcaption class=&#34;card-text&#34; style=&#34;font-size: smaller; text-align: center;&#34;&gt;Stroom UI LoginButton&lt;/figcaption&gt;
      &lt;/div&gt;
      
    &lt;/figure&gt;
  &lt;/a&gt;
&lt;/div&gt;

button, you are advised that your user&amp;rsquo;s password has expired and you need to change it.&lt;/p&gt;







  
  
  
  
  







  



&lt;div class=&#34;card rounded shadow-stroom p-2 td-post-card mb-4 mt-4&#34; style=&#34;width: fit-content;&#34;&gt;

  &lt;a title=&#34;images/HOWTOs/UI-Login-02.png&#34; href=&#34;../../images/HOWTOs/UI-Login-02.png&#34;&gt;
    &lt;figure style=&#34;margin-block-end: 0px&#34; &gt;
      
      &lt;img class=&#34;card-img-top&#34; src=&#34;../../images/HOWTOs/UI-Login-02.png&#34; alt=&#34;images/HOWTOs/UI-Login-02.png&#34;&gt;
      

      
      &lt;div class=&#34;card-body px-0 pt-2 pb-0&#34;&gt;
        &lt;hr style=&#34;border-top: 1px solid #ddd; margin-top: 0px; margin-bottom:4px;&#34;&gt;
        &lt;figcaption class=&#34;card-text&#34; style=&#34;font-size: smaller; text-align: center;&#34;&gt;Stroom UI Login - password expiry&lt;/figcaption&gt;
      &lt;/div&gt;
      
    &lt;/figure&gt;
  &lt;/a&gt;
&lt;/div&gt;

&lt;p&gt;Press the







  
  
  
  
  







  



&lt;div class=&#34;card rounded shadow-stroom p-2 td-post-card mb-4 mt-4&#34; style=&#34;width: fit-content;&#34;&gt;

  &lt;a title=&#34;images/HOWTOs/icons/buttonOk.png&#34; href=&#34;../../images/HOWTOs/icons/buttonOk.png&#34;&gt;
    &lt;figure style=&#34;margin-block-end: 0px&#34; &gt;
      
      &lt;img class=&#34;card-img-top&#34; src=&#34;../../images/HOWTOs/icons/buttonOk.png&#34; alt=&#34;images/HOWTOs/icons/buttonOk.png&#34;&gt;
      

      
      &lt;div class=&#34;card-body px-0 pt-2 pb-0&#34;&gt;
        &lt;hr style=&#34;border-top: 1px solid #ddd; margin-top: 0px; margin-bottom:4px;&#34;&gt;
        &lt;figcaption class=&#34;card-text&#34; style=&#34;font-size: smaller; text-align: center;&#34;&gt;Stroom UI OkButton&lt;/figcaption&gt;
      &lt;/div&gt;
      
    &lt;/figure&gt;
  &lt;/a&gt;
&lt;/div&gt;

button and enter the old password &lt;code&gt;admin&lt;/code&gt; and a new password with confirmation in the appropriate entry boxes.&lt;/p&gt;







  
  
  
  
  







  



&lt;div class=&#34;card rounded shadow-stroom p-2 td-post-card mb-4 mt-4&#34; style=&#34;width: fit-content;&#34;&gt;

  &lt;a title=&#34;images/HOWTOs/UI-Login-03.png&#34; href=&#34;../../images/HOWTOs/UI-Login-03.png&#34;&gt;
    &lt;figure style=&#34;margin-block-end: 0px&#34; &gt;
      
      &lt;img class=&#34;card-img-top&#34; src=&#34;../../images/HOWTOs/UI-Login-03.png&#34; alt=&#34;images/HOWTOs/UI-Login-03.png&#34;&gt;
      

      
      &lt;div class=&#34;card-body px-0 pt-2 pb-0&#34;&gt;
        &lt;hr style=&#34;border-top: 1px solid #ddd; margin-top: 0px; margin-bottom:4px;&#34;&gt;
        &lt;figcaption class=&#34;card-text&#34; style=&#34;font-size: smaller; text-align: center;&#34;&gt;Stroom UI Login - password change&lt;/figcaption&gt;
      &lt;/div&gt;
      
    &lt;/figure&gt;
  &lt;/a&gt;
&lt;/div&gt;

&lt;p&gt;Again press the







  
  
  
  
  







  



&lt;div class=&#34;card rounded shadow-stroom p-2 td-post-card mb-4 mt-4&#34; style=&#34;width: fit-content;&#34;&gt;

  &lt;a title=&#34;images/HOWTOs/icons/buttonOk.png&#34; href=&#34;../../images/HOWTOs/icons/buttonOk.png&#34;&gt;
    &lt;figure style=&#34;margin-block-end: 0px&#34; &gt;
      
      &lt;img class=&#34;card-img-top&#34; src=&#34;../../images/HOWTOs/icons/buttonOk.png&#34; alt=&#34;images/HOWTOs/icons/buttonOk.png&#34;&gt;
      

      
      &lt;div class=&#34;card-body px-0 pt-2 pb-0&#34;&gt;
        &lt;hr style=&#34;border-top: 1px solid #ddd; margin-top: 0px; margin-bottom:4px;&#34;&gt;
        &lt;figcaption class=&#34;card-text&#34; style=&#34;font-size: smaller; text-align: center;&#34;&gt;Stroom UI OkButton&lt;/figcaption&gt;
      &lt;/div&gt;
      
    &lt;/figure&gt;
  &lt;/a&gt;
&lt;/div&gt;

button to see the confirmation that the password has changed.&lt;/p&gt;
&lt;p&gt;






  
  
  
  
  







  



&lt;div class=&#34;card rounded shadow-stroom p-2 td-post-card mb-4 mt-4&#34; style=&#34;width: fit-content;&#34;&gt;

  &lt;a title=&#34;images/HOWTOs/UI-Login-04.png&#34; href=&#34;../../images/HOWTOs/UI-Login-04.png&#34;&gt;
    &lt;figure style=&#34;margin-block-end: 0px&#34; &gt;
      
      &lt;img class=&#34;card-img-top&#34; src=&#34;../../images/HOWTOs/UI-Login-04.png&#34; alt=&#34;images/HOWTOs/UI-Login-04.png&#34;&gt;
      

      
      &lt;div class=&#34;card-body px-0 pt-2 pb-0&#34;&gt;
        &lt;hr style=&#34;border-top: 1px solid #ddd; margin-top: 0px; margin-bottom:4px;&#34;&gt;
        &lt;figcaption class=&#34;card-text&#34; style=&#34;font-size: smaller; text-align: center;&#34;&gt;Stroom UI Login - password change confirmation&lt;/figcaption&gt;
      &lt;/div&gt;
      
    &lt;/figure&gt;
  &lt;/a&gt;
&lt;/div&gt;
.&lt;/p&gt;
&lt;p&gt;On pressing







  
  
  
  
  







  



&lt;div class=&#34;card rounded shadow-stroom p-2 td-post-card mb-4 mt-4&#34; style=&#34;width: fit-content;&#34;&gt;

  &lt;a title=&#34;images/HOWTOs/icons/buttonClose.png&#34; href=&#34;../../images/HOWTOs/icons/buttonClose.png&#34;&gt;
    &lt;figure style=&#34;margin-block-end: 0px&#34; &gt;
      
      &lt;img class=&#34;card-img-top&#34; src=&#34;../../images/HOWTOs/icons/buttonClose.png&#34; alt=&#34;images/HOWTOs/icons/buttonClose.png&#34;&gt;
      

      
      &lt;div class=&#34;card-body px-0 pt-2 pb-0&#34;&gt;
        &lt;hr style=&#34;border-top: 1px solid #ddd; margin-top: 0px; margin-bottom:4px;&#34;&gt;
        &lt;figcaption class=&#34;card-text&#34; style=&#34;font-size: smaller; text-align: center;&#34;&gt;Stroom UI CloseButton&lt;/figcaption&gt;
      &lt;/div&gt;
      
    &lt;/figure&gt;
  &lt;/a&gt;
&lt;/div&gt;

you will be logged in as the &lt;code&gt;admin&lt;/code&gt; user and you will be presented with the &lt;strong&gt;Main Menu&lt;/strong&gt; (&lt;code&gt;Item Tools Monitoring User Help&lt;/code&gt;), and the &lt;code&gt;Explorer&lt;/code&gt; and &lt;code&gt;Welcome&lt;/code&gt; panels (or tabs).&lt;/p&gt;
&lt;p&gt;






  
  
  
  
  







  



&lt;div class=&#34;card rounded shadow-stroom p-2 td-post-card mb-4 mt-4&#34; style=&#34;width: fit-content;&#34;&gt;

  &lt;a title=&#34;images/HOWTOs/UI-Login-06.png&#34; href=&#34;../../images/HOWTOs/UI-Login-06.png&#34;&gt;
    &lt;figure style=&#34;margin-block-end: 0px&#34; &gt;
      
      &lt;img class=&#34;card-img-top&#34; src=&#34;../../images/HOWTOs/UI-Login-06.png&#34; alt=&#34;images/HOWTOs/UI-Login-06.png&#34;&gt;
      

      
      &lt;div class=&#34;card-body px-0 pt-2 pb-0&#34;&gt;
        &lt;hr style=&#34;border-top: 1px solid #ddd; margin-top: 0px; margin-bottom:4px;&#34;&gt;
        &lt;figcaption class=&#34;card-text&#34; style=&#34;font-size: smaller; text-align: center;&#34;&gt;Stroom UI Login - user logged in&lt;/figcaption&gt;
      &lt;/div&gt;
      
    &lt;/figure&gt;
  &lt;/a&gt;
&lt;/div&gt;
.&lt;/p&gt;
&lt;p&gt;We have now successfully logged on as the &lt;code&gt;admin&lt;/code&gt; user.&lt;/p&gt;
&lt;p&gt;The next time you login with this account, you will not be prompted to change the password until the password expiry period has been met.&lt;/p&gt;
&lt;h2 id=&#34;pki-certificate-login&#34;&gt;PKI Certificate Login&lt;/h2&gt;
&lt;p&gt;To login using a PKI Certificate, a user should have their Personal PKI certificate loaded in the browser (and selected if
you have multiple certificates) and the user just needs to go to the Stroom UI URL, and providing you have an account, you will be
automatically logged in.&lt;/p&gt;

      </description>
    </item>
    
    <item>
      <title>Docs: Logout</title>
      <link>/docs/howtos/authentication/userlogouthowto/</link>
      <pubDate>Fri, 09 Jul 2021 00:00:00 +0000</pubDate>
      
      <guid>/docs/howtos/authentication/userlogouthowto/</guid>
      <description>
        
        
        &lt;h2 id=&#34;assumptions&#34;&gt;Assumptions&lt;/h2&gt;
&lt;p&gt;The following assumptions are used in this document.&lt;/p&gt;
&lt;ul&gt;
&lt;li&gt;the user &lt;code&gt;admin&lt;/code&gt; is currently logged in&lt;/li&gt;
&lt;/ul&gt;
&lt;h2 id=&#34;log-out-of-ui&#34;&gt;Log out of UI&lt;/h2&gt;
&lt;p&gt;To log out of the UI, select the &lt;code&gt;User&lt;/code&gt; item of the &lt;strong&gt;Main Menu&lt;/strong&gt; and to bring up the &lt;code&gt;User&lt;/code&gt; sub-menu.&lt;/p&gt;







  
  
  
  
  







  



&lt;div class=&#34;card rounded shadow-stroom p-2 td-post-card mb-4 mt-4&#34; style=&#34;width: fit-content;&#34;&gt;

  &lt;a title=&#34;images/HOWTOs/UI-UserSubmenu-00.png&#34; href=&#34;../../images/HOWTOs/UI-UserSubmenu-00.png&#34;&gt;
    &lt;figure style=&#34;margin-block-end: 0px&#34; &gt;
      
      &lt;img class=&#34;card-img-top&#34; src=&#34;../../images/HOWTOs/UI-UserSubmenu-00.png&#34; alt=&#34;images/HOWTOs/UI-UserSubmenu-00.png&#34;&gt;
      

      
      &lt;div class=&#34;card-body px-0 pt-2 pb-0&#34;&gt;
        &lt;hr style=&#34;border-top: 1px solid #ddd; margin-top: 0px; margin-bottom:4px;&#34;&gt;
        &lt;figcaption class=&#34;card-text&#34; style=&#34;font-size: smaller; text-align: center;&#34;&gt;Stroom UI - User Sub-menu&lt;/figcaption&gt;
      &lt;/div&gt;
      
    &lt;/figure&gt;
  &lt;/a&gt;
&lt;/div&gt;

&lt;p&gt;and select the &lt;code&gt;Logout&lt;/code&gt; sub-item and confirm you wish to log out by selecting the







  
  
  
  
  







  



&lt;div class=&#34;card rounded shadow-stroom p-2 td-post-card mb-4 mt-4&#34; style=&#34;width: fit-content;&#34;&gt;

  &lt;a title=&#34;images/HOWTOs/icons/buttonOk.png&#34; href=&#34;../../images/HOWTOs/icons/buttonOk.png&#34;&gt;
    &lt;figure style=&#34;margin-block-end: 0px&#34; &gt;
      
      &lt;img class=&#34;card-img-top&#34; src=&#34;../../images/HOWTOs/icons/buttonOk.png&#34; alt=&#34;images/HOWTOs/icons/buttonOk.png&#34;&gt;
      

      
      &lt;div class=&#34;card-body px-0 pt-2 pb-0&#34;&gt;
        &lt;hr style=&#34;border-top: 1px solid #ddd; margin-top: 0px; margin-bottom:4px;&#34;&gt;
        &lt;figcaption class=&#34;card-text&#34; style=&#34;font-size: smaller; text-align: center;&#34;&gt;Stroom UI OkButton&lt;/figcaption&gt;
      &lt;/div&gt;
      
    &lt;/figure&gt;
  &lt;/a&gt;
&lt;/div&gt;

button.&lt;/p&gt;







  
  
  
  
  







  



&lt;div class=&#34;card rounded shadow-stroom p-2 td-post-card mb-4 mt-4&#34; style=&#34;width: fit-content;&#34;&gt;

  &lt;a title=&#34;images/HOWTOs/UI-UserLogout-00.png&#34; href=&#34;../../images/HOWTOs/UI-UserLogout-00.png&#34;&gt;
    &lt;figure style=&#34;margin-block-end: 0px&#34; &gt;
      
      &lt;img class=&#34;card-img-top&#34; src=&#34;../../images/HOWTOs/UI-UserLogout-00.png&#34; alt=&#34;images/HOWTOs/UI-UserLogout-00.png&#34;&gt;
      

      
      &lt;div class=&#34;card-body px-0 pt-2 pb-0&#34;&gt;
        &lt;hr style=&#34;border-top: 1px solid #ddd; margin-top: 0px; margin-bottom:4px;&#34;&gt;
        &lt;figcaption class=&#34;card-text&#34; style=&#34;font-size: smaller; text-align: center;&#34;&gt;Stroom UI - User Logout&lt;/figcaption&gt;
      &lt;/div&gt;
      
    &lt;/figure&gt;
  &lt;/a&gt;
&lt;/div&gt;

&lt;p&gt;This will return you to the Login page







  
  
  
  
  







  



&lt;div class=&#34;card rounded shadow-stroom p-2 td-post-card mb-4 mt-4&#34; style=&#34;width: fit-content;&#34;&gt;

  &lt;a title=&#34;images/HOWTOs/UI-Login-00.png&#34; href=&#34;../../images/HOWTOs/UI-Login-00.png&#34;&gt;
    &lt;figure style=&#34;margin-block-end: 0px&#34; &gt;
      
      &lt;img class=&#34;card-img-top&#34; src=&#34;../../images/HOWTOs/UI-Login-00.png&#34; alt=&#34;images/HOWTOs/UI-Login-00.png&#34;&gt;
      

      
      &lt;div class=&#34;card-body px-0 pt-2 pb-0&#34;&gt;
        &lt;hr style=&#34;border-top: 1px solid #ddd; margin-top: 0px; margin-bottom:4px;&#34;&gt;
        &lt;figcaption class=&#34;card-text&#34; style=&#34;font-size: smaller; text-align: center;&#34;&gt;Stroom UI Login Page&lt;/figcaption&gt;
      &lt;/div&gt;
      
    &lt;/figure&gt;
  &lt;/a&gt;
&lt;/div&gt;
&lt;/p&gt;

      </description>
    </item>
    
  </channel>
</rss>
