<rss version="2.0" xmlns:atom="http://www.w3.org/2005/Atom">
  <channel>
    <title>Stroom – TODO</title>
    <link>/tags/todo/</link>
    <description>Recent content in TODO on Stroom</description>
    <generator>Hugo -- gohugo.io</generator>
    <lastBuildDate>Wed, 12 Jan 2022 00:00:00 +0000</lastBuildDate>
    
	  <atom:link href="/tags/todo/index.xml" rel="self" type="application/rss+xml" />
    
    
      
        
      
    
    
    <item>
      <title>Community: Developing Content</title>
      <link>/community/content/</link>
      <pubDate>Wed, 12 Jan 2022 00:00:00 +0000</pubDate>
      
      <guid>/community/content/</guid>
      <description>
        
        
        
&lt;div class=&#34;alert alert-warning&#34; role=&#34;alert&#34;&gt;
&lt;h4 class=&#34;alert-heading&#34;&gt;TODO&lt;/h4&gt;

    Add content

&lt;/div&gt;


      </description>
    </item>
    
    <item>
      <title>Community: Building the documentation</title>
      <link>/community/dev-guide/documentation-dev/</link>
      <pubDate>Fri, 20 Aug 2021 00:00:00 +0000</pubDate>
      
      <guid>/community/dev-guide/documentation-dev/</guid>
      <description>
        
        
        &lt;p&gt;Stroom&amp;rsquo;s documentation is built using &lt;a href=&#34;https://www.gitbook.com&#34;&gt;GitBook (external link)&lt;/a&gt;.&lt;/p&gt;
&lt;h2 id=&#34;prerequisites&#34;&gt;Prerequisites&lt;/h2&gt;
&lt;h3 id=&#34;npm&#34;&gt;NPM&lt;/h3&gt;
&lt;p&gt;You need NPM to install the GitBook command line toolchain. To get NPM install &lt;a href=&#34;https://nodejs.org/en/&#34;&gt;node (external link)&lt;/a&gt;.&lt;/p&gt;
&lt;h3 id=&#34;gitbook-command-line-tools&#34;&gt;GitBook command line tools&lt;/h3&gt;
&lt;pre&gt;&lt;code class=&#34;language-bash&#34;&gt;npm install -g gitbook-cli
&lt;/code&gt;&lt;/pre&gt;
&lt;h2 id=&#34;build-the-book&#34;&gt;Build the book&lt;/h2&gt;
&lt;p&gt;GitBook uses plugins, e.g. anchorjs allows us to create links to headings within a file. You need to install these plugins first. The below commands should be run in the project root.&lt;/p&gt;
&lt;pre&gt;&lt;code class=&#34;language-bash&#34;&gt;gitbook install
&lt;/code&gt;&lt;/pre&gt;
&lt;p&gt;You can build the documentation like this:&lt;/p&gt;
&lt;pre&gt;&lt;code class=&#34;language-bash&#34;&gt;gitbook build
&lt;/code&gt;&lt;/pre&gt;
&lt;p&gt;Or you can run the GitBook server which will watch your files as you work and server them on &lt;code&gt;localhost:4000&lt;/code&gt;.&lt;/p&gt;
&lt;pre&gt;&lt;code class=&#34;language-bash&#34;&gt;gitbook serve
&lt;/code&gt;&lt;/pre&gt;
&lt;h2 id=&#34;troubleshooting&#34;&gt;Troubleshooting&lt;/h2&gt;
&lt;h3 id=&#34;i-get-an-error-when-trying-to-run-gitbook-serve&#34;&gt;I get an error when trying to run &lt;code&gt;gitbook serve&lt;/code&gt;&lt;/h3&gt;
&lt;p&gt;If you see &lt;code&gt;Errpr: watch /path/to/stroom ENOSPC&lt;/code&gt; then run the following:
&lt;code&gt;echo fs.inotify.max_user_watches=524288 | sudo tee -a /etc/sysctl.conf &amp;amp;&amp;amp; sudo sysctl -p&lt;/code&gt;&lt;/p&gt;
&lt;h3 id=&#34;links-dont-work-when-i-load-_bookindexhtml&#34;&gt;Links don&amp;rsquo;t work when I load &lt;code&gt;_book/index.html&lt;/code&gt;&lt;/h3&gt;
&lt;p&gt;It won&amp;rsquo;t, because &lt;a href=&#34;https://en.wikipedia.org/wiki/Cross-origin_resource_sharing&#34;&gt;CORS&lt;/a&gt; is not and cannot be enabled when viewing local files. You need to run &lt;code&gt;gitbook serve&lt;/code&gt; or if you really don&amp;rsquo;t want to do that try &lt;code&gt;cd _book &amp;amp;&amp;amp; python -m SimpleHTTPServer&lt;/code&gt;.&lt;/p&gt;

      </description>
    </item>
    
    <item>
      <title>Docs: Dictionaries</title>
      <link>/docs/user-guide/dashboards/dictionaries/</link>
      <pubDate>Tue, 27 Jul 2021 00:00:00 +0000</pubDate>
      
      <guid>/docs/user-guide/dashboards/dictionaries/</guid>
      <description>
        
        
        &lt;h2 id=&#34;creating&#34;&gt;Creating&lt;/h2&gt;
&lt;p&gt;Right click on a folder in the explorer tree that you want to create a dictionary in. Choose ‘New/Dictionary’ from the popup menu:&lt;/p&gt;
&lt;blockquote&gt;
&lt;p&gt;&lt;strong&gt;TODO&lt;/strong&gt;: Fix image&lt;/p&gt;
&lt;/blockquote&gt;
&lt;p&gt;Call the dictionary something like ‘My Dictionary’ and click OK.&lt;/p&gt;
&lt;blockquote&gt;
&lt;p&gt;&lt;strong&gt;TODO&lt;/strong&gt;: Fix image&lt;/p&gt;
&lt;/blockquote&gt;
&lt;p&gt;Now just add any search terms you want to the newly created dictionary and click save.&lt;/p&gt;
&lt;blockquote&gt;
&lt;p&gt;&lt;strong&gt;TODO&lt;/strong&gt;: Fix image&lt;/p&gt;
&lt;/blockquote&gt;
&lt;p&gt;You can add multiple terms.&lt;/p&gt;
&lt;ul&gt;
&lt;li&gt;Terms on separate lines act as if they are part of an &amp;lsquo;OR&amp;rsquo; expression when used in a search.&lt;/li&gt;
&lt;li&gt;Terms on a single line separated by spaces act as if they are part of an &amp;lsquo;AND&amp;rsquo; expression when used in a search.&lt;/li&gt;
&lt;/ul&gt;
&lt;h2 id=&#34;using&#34;&gt;Using&lt;/h2&gt;
&lt;p&gt;To perform a search using your dictionary, just choose the newly created dictionary as part of your search expression:&lt;/p&gt;
&lt;blockquote&gt;
&lt;p&gt;&lt;strong&gt;TODO&lt;/strong&gt;: Fix image&lt;/p&gt;
&lt;/blockquote&gt;

      </description>
    </item>
    
    <item>
      <title>Docs: Nodes</title>
      <link>/docs/user-guide/nodes/</link>
      <pubDate>Tue, 27 Jul 2021 00:00:00 +0000</pubDate>
      
      <guid>/docs/user-guide/nodes/</guid>
      <description>
        
        
        &lt;p&gt;All nodes in an Stroom cluster must be configured correctly for them to communicate with each other.&lt;/p&gt;
&lt;h2 id=&#34;configuring-nodes&#34;&gt;Configuring nodes&lt;/h2&gt;
&lt;p&gt;Open Monitoring/Nodes from the top menu. The nodes screen looks like this:&lt;/p&gt;

&lt;div class=&#34;alert alert-warning&#34; role=&#34;alert&#34;&gt;
&lt;h4 class=&#34;alert-heading&#34;&gt;TODO&lt;/h4&gt;

    Screenshot

&lt;/div&gt;

&lt;p&gt;You need to edit each line by selecting it and then clicking the edit 







&lt;img class=&#34;stroom-icon&#34; src=&#34;../../images/stroom-ui/edit.svg&#34; width=&#34;16px&#34; title=&#34;Edit&#34; alt=&#34;edit.svg&#34;&gt;
 icon at the bottom.
The URL for each node needs to be set as above but obviously substituting in the host name of the individual node, e.g. &lt;code&gt;http://&amp;lt;HOST_NAME&amp;gt;:8080/stroom/clustercall.rpc&lt;/code&gt;&lt;/p&gt;
&lt;p&gt;Nodes are expected communicate with each other on port 8080 over http.
Ensure you have configured your firewall to allow nodes to talk to each other over this port.
You can configure the URL to use a different port and possibly HTTPS but performance will be better with HTTP as no SSL termination is required.&lt;/p&gt;
&lt;p&gt;Once you have set the URLs of each node you should also set the master assignment priority for each node to be different to all of the others.
In the image above the priorities have been set in a random fashion to ensure that node3 assumes the role of master node for as long as it is enabled.
You also need to check all of the nodes are enabled that you want to take part in processing or any other jobs.&lt;/p&gt;
&lt;p&gt;Keep refreshing the table until all nodes show healthy pings as above.
If you do not get ping results for each node then they are not configured correctly.&lt;/p&gt;
&lt;p&gt;Once a cluster is configured correctly you will get proper distribution of processing tasks and search will be able to access all nodes to take part in a distributed query.&lt;/p&gt;

      </description>
    </item>
    
    <item>
      <title>Docs: Roles</title>
      <link>/docs/user-guide/roles/</link>
      <pubDate>Tue, 27 Jul 2021 00:00:00 +0000</pubDate>
      
      <guid>/docs/user-guide/roles/</guid>
      <description>
        
        
        
&lt;div class=&#34;alert alert-warning&#34; role=&#34;alert&#34;&gt;
&lt;h4 class=&#34;alert-heading&#34;&gt;TODO&lt;/h4&gt;

    Describe application level permissions and how users and groups behave

&lt;/div&gt;


      </description>
    </item>
    
  </channel>
</rss>
