<rss version="2.0" xmlns:atom="http://www.w3.org/2005/Atom">
  <channel>
    <title>Stroom – api</title>
    <link>/tags/api/</link>
    <description>Recent content in api on Stroom</description>
    <generator>Hugo -- gohugo.io</generator>
    <lastBuildDate>Tue, 27 Jul 2021 00:00:00 +0000</lastBuildDate>
    
	  <atom:link href="/tags/api/index.xml" rel="self" type="application/rss+xml" />
    
    
      
        
      
    
    
    <item>
      <title>Docs: Application Programming Interfaces (API)</title>
      <link>/docs/user-guide/api/</link>
      <pubDate>Tue, 27 Jul 2021 00:00:00 +0000</pubDate>
      
      <guid>/docs/user-guide/api/</guid>
      <description>
        
        
        &lt;p&gt;&lt;em&gt;Stroom&lt;/em&gt; has a number of public APIs to allow other systems to interact with &lt;em&gt;Stroom&lt;/em&gt;.
The APIs are defined by a &lt;em&gt;Swagger&lt;/em&gt; spec that can be viewed as &lt;a href=&#34;https://gchq.github.io/stroom/swagger.json&#34;&gt;json (external link)&lt;/a&gt; or &lt;a href=&#34;https://gchq.github.io/stroom/swagger.yaml&#34;&gt;yaml (external link)&lt;/a&gt;.
A dynamic &lt;a href=&#34;https://gchq.github.io/stroom/&#34;&gt;user interface (external link)&lt;/a&gt; is also available for viewing the APIs.&lt;/p&gt;

      </description>
    </item>
    
    <item>
      <title>Docs: Query API</title>
      <link>/docs/user-guide/api/query-api/</link>
      <pubDate>Tue, 27 Jul 2021 00:00:00 +0000</pubDate>
      
      <guid>/docs/user-guide/api/query-api/</guid>
      <description>
        
        
        &lt;p&gt;The Query API uses common request/response models and end points for querying each type of data source held in &lt;em&gt;Stroom&lt;/em&gt;. The request/response models are defined in &lt;a href=&#34;https://github.com/gchq/stroom-query&#34;&gt;&lt;em&gt;stroom-query&lt;/em&gt; (external link)&lt;/a&gt;.&lt;/p&gt;
&lt;p&gt;Currently &lt;em&gt;Stroom&lt;/em&gt; exposes a set of query endpoints for the following data source types. Each data source type will have its own endpoint due to differences in the way the data is queried and the restrictions imposed on the query terms.  However they all share the same API definition.&lt;/p&gt;
&lt;ul&gt;
&lt;li&gt;&lt;a href=&#34;https://gchq.github.io/stroom/#/stroom-index%20query%20-%20v2&#34;&gt;&lt;em&gt;stroom-index&lt;/em&gt; (external link)&lt;/a&gt; (the Lucene based event index)&lt;/li&gt;
&lt;li&gt;&lt;a href=&#34;https://gchq.github.io/stroom/#/sqlstatistics%20query%20-%20v2&#34;&gt;&lt;em&gt;sqlstatistics&lt;/em&gt; (external link)&lt;/a&gt; (Stroom&amp;rsquo;s own statistics store)&lt;/li&gt;
&lt;/ul&gt;
&lt;p&gt;The detailed documentation for the request/responses is contained in the &lt;em&gt;Swagger&lt;/em&gt; definition linked to above.&lt;/p&gt;
&lt;h2 id=&#34;common-endpoints&#34;&gt;Common endpoints&lt;/h2&gt;
&lt;p&gt;The standard query endpoints are&lt;/p&gt;
&lt;ul&gt;
&lt;li&gt;
&lt;p&gt;/&lt;a href=&#34;#datasource&#34;&gt;datasource&lt;/a&gt;&lt;/p&gt;
&lt;/li&gt;
&lt;li&gt;
&lt;p&gt;/&lt;a href=&#34;#search&#34;&gt;search&lt;/a&gt;&lt;/p&gt;
&lt;/li&gt;
&lt;li&gt;
&lt;p&gt;/&lt;a href=&#34;#destroy&#34;&gt;destroy&lt;/a&gt;&lt;/p&gt;
&lt;/li&gt;
&lt;/ul&gt;
&lt;h3 id=&#34;datasource&#34;&gt;datasource&lt;/h3&gt;
&lt;p&gt;The data source endpoint is used to query &lt;em&gt;Stroom&lt;/em&gt; for the details of a data source with a given &lt;em&gt;docRef&lt;/em&gt;. The details will include such things as the fields available and any restrictions on querying the data.&lt;/p&gt;
&lt;h3 id=&#34;search&#34;&gt;search&lt;/h3&gt;
&lt;p&gt;The search endpoint is used to initiate a search against a data source or to request more data for an active search. A search request can be made using iterative mode, where it will perform the search and then only return the data it has immediately available. Subsequent requests for the same &lt;em&gt;queryKey&lt;/em&gt; will also return the data immediately available, expecting that more results will have been found by the query. Requesting a search in non-iterative mode will result in the response being returned when the query has completed and all known results have been found.&lt;/p&gt;
&lt;p&gt;The SearchRequest model is fairly complicated and contains not only the query terms but also a definition of how the data should be returned. A single SearchRequest can include multiple ResultRequest sections to return the queried data in multiple ways, e.g. as flat data and in an alternative aggregated form.&lt;/p&gt;
&lt;h4 id=&#34;_stroom_-as-a-query-builder&#34;&gt;&lt;em&gt;Stroom&lt;/em&gt; as a query builder&lt;/h4&gt;
&lt;p&gt;&lt;em&gt;Stroom&lt;/em&gt; is able to export the json form of a SearchRequest model from its dashboards. This makes the dashboard a useful tool for building a query and the table settings to go with it. You can use the dashboard to defined the data source, define the query terms tree and build a table definition (or definitions) to describe how the data should be returned. The, clicking the download icon on the query pane of the dashboard will generate the SearchRequest json which can be immediately used with the /search API or modified to suit.&lt;/p&gt;
&lt;h3 id=&#34;destroy&#34;&gt;destroy&lt;/h3&gt;
&lt;p&gt;This endpoint is used to kill an active query by supplying the &lt;em&gt;queryKey&lt;/em&gt; for query in question.&lt;/p&gt;

      </description>
    </item>
    
  </channel>
</rss>
