<rss version="2.0" xmlns:atom="http://www.w3.org/2005/Atom">
  <channel>
    <title>Stroom – volume</title>
    <link>/tags/volume/</link>
    <description>Recent content in volume on Stroom</description>
    <generator>Hugo -- gohugo.io</generator>
    <lastBuildDate>Tue, 27 Jul 2021 00:00:00 +0000</lastBuildDate>
    
	  <atom:link href="/tags/volume/index.xml" rel="self" type="application/rss+xml" />
    
    
      
        
      
    
    
    <item>
      <title>Docs: Volumes</title>
      <link>/docs/user-guide/volumes/</link>
      <pubDate>Tue, 27 Jul 2021 00:00:00 +0000</pubDate>
      
      <guid>/docs/user-guide/volumes/</guid>
      <description>
        
        
        
&lt;div class=&#34;alert alert-warning&#34; role=&#34;alert&#34;&gt;
&lt;h4 class=&#34;alert-heading&#34;&gt;TODO&lt;/h4&gt;

    Describe volumes

&lt;/div&gt;


      </description>
    </item>
    
    <item>
      <title>Docs: Volume Maintenance</title>
      <link>/docs/howtos/install/installvolumeshowto/</link>
      <pubDate>Mon, 12 Jul 2021 00:00:00 +0000</pubDate>
      
      <guid>/docs/howtos/install/installvolumeshowto/</guid>
      <description>
        
        
        &lt;p&gt;Stroom stores data in &lt;a href=&#34;../../docs/user-guide/volumes/&#34;&gt;volumes&lt;/a&gt;.
These are the logical link to the Storage hierarchy we setup on the operating system.
This HOWTO will demonstrate how one first sets up volumes and also how to add additional volumes if one expanded an existing Stroom cluster.&lt;/p&gt;
&lt;h2 id=&#34;assumptions&#34;&gt;Assumptions&lt;/h2&gt;
&lt;ul&gt;
&lt;li&gt;an account with the &lt;code&gt;Administrator&lt;/code&gt; Application &lt;a href=&#34;../../docs/user-guide/roles/&#34;&gt;Permission&lt;/a&gt; is currently logged in.&lt;/li&gt;
&lt;li&gt;we will add volumes as per the Multi Node Stroom deployment Storage hierarchy&lt;/li&gt;
&lt;/ul&gt;
&lt;h2 id=&#34;configure-the-volumes&#34;&gt;Configure the Volumes&lt;/h2&gt;
&lt;p&gt;We need to configure the volumes for Stroom. The follow demonstrates adding the volumes for two nodes, but demonstrates the process for a single node
deployment as well the volume maintenance needed when expanding a Multi Node Cluster when adding in a new node.&lt;/p&gt;
&lt;p&gt;To configure the volumes, move to the &lt;code&gt;Tools&lt;/code&gt; item of the &lt;strong&gt;Main Menu&lt;/strong&gt; and select it to bring up the &lt;code&gt;Tools&lt;/code&gt; sub-menu.







  
  
  
  
  







  



&lt;div class=&#34;card rounded shadow-stroom p-2 td-post-card mb-4 mt-4&#34; style=&#34;width: fit-content;&#34;&gt;

  &lt;a title=&#34;images/HOWTOs/UI-ToolsSubmenu-00.png&#34; href=&#34;../../images/HOWTOs/UI-ToolsSubmenu-00.png&#34;&gt;
    &lt;figure style=&#34;margin-block-end: 0px&#34; &gt;
      
      &lt;img class=&#34;card-img-top&#34; src=&#34;../../images/HOWTOs/UI-ToolsSubmenu-00.png&#34; alt=&#34;images/HOWTOs/UI-ToolsSubmenu-00.png&#34;&gt;
      

      
      &lt;div class=&#34;card-body px-0 pt-2 pb-0&#34;&gt;
        &lt;hr style=&#34;border-top: 1px solid #ddd; margin-top: 0px; margin-bottom:4px;&#34;&gt;
        &lt;figcaption class=&#34;card-text&#34; style=&#34;font-size: smaller; text-align: center;&#34;&gt;Stroom UI Tools sub-menu&lt;/figcaption&gt;
      &lt;/div&gt;
      
    &lt;/figure&gt;
  &lt;/a&gt;
&lt;/div&gt;
&lt;/p&gt;
&lt;p&gt;then move down and select the &lt;code&gt;Volumes&lt;/code&gt; sub-item to be presented with the &lt;code&gt;Volumes&lt;/code&gt; configuration window as seen below.







  
  
  
  
  







  



&lt;div class=&#34;card rounded shadow-stroom p-2 td-post-card mb-4 mt-4&#34; style=&#34;width: fit-content;&#34;&gt;

  &lt;a title=&#34;images/HOWTOs/UI-ManageVolumes-01.png&#34; href=&#34;../../images/HOWTOs/UI-ManageVolumes-01.png&#34;&gt;
    &lt;figure style=&#34;margin-block-end: 0px&#34; &gt;
      
      &lt;img class=&#34;card-img-top&#34; src=&#34;../../images/HOWTOs/UI-ManageVolumes-01.png&#34; alt=&#34;images/HOWTOs/UI-ManageVolumes-01.png&#34;&gt;
      

      
      &lt;div class=&#34;card-body px-0 pt-2 pb-0&#34;&gt;
        &lt;hr style=&#34;border-top: 1px solid #ddd; margin-top: 0px; margin-bottom:4px;&#34;&gt;
        &lt;figcaption class=&#34;card-text&#34; style=&#34;font-size: smaller; text-align: center;&#34;&gt;Stroom UI Volumes - configuration window&lt;/figcaption&gt;
      &lt;/div&gt;
      
    &lt;/figure&gt;
  &lt;/a&gt;
&lt;/div&gt;
&lt;/p&gt;
&lt;p&gt;The attributes we see for each volume are&lt;/p&gt;
&lt;ul&gt;
&lt;li&gt;Node - the processing node the volume resides on (this is just the node name entered when configuration the Stroom application)&lt;/li&gt;
&lt;li&gt;Path - the path to the volume&lt;/li&gt;
&lt;li&gt;Volume Type - The type of volume&lt;/li&gt;
&lt;li&gt;Public - to indicate that all nodes would access this volume&lt;/li&gt;
&lt;li&gt;Private - to indicate that only the local node will access this volume&lt;/li&gt;
&lt;li&gt;Stream Status&lt;/li&gt;
&lt;li&gt;Active - to store data within the volume&lt;/li&gt;
&lt;li&gt;Inactive - to &lt;strong&gt;NOT&lt;/strong&gt; store data within the volume&lt;/li&gt;
&lt;li&gt;Closed - had stored data within the volume, but now no more data can be stored&lt;/li&gt;
&lt;li&gt;Index Status&lt;/li&gt;
&lt;li&gt;Active - to store index data within the volume&lt;/li&gt;
&lt;li&gt;Inactive - to &lt;strong&gt;NOT&lt;/strong&gt; store index data within the volume&lt;/li&gt;
&lt;li&gt;Closed - had stored index data within the volume, but now no more index data can be stored&lt;/li&gt;
&lt;li&gt;Usage Date - the date and time the volume was last used&lt;/li&gt;
&lt;li&gt;Limit - the maximum amount of data the system will store on the volume&lt;/li&gt;
&lt;li&gt;Used - the amount of data in use on the volume&lt;/li&gt;
&lt;li&gt;Free - the amount of available storage on the volume&lt;/li&gt;
&lt;li&gt;Use% - the usage percentage&lt;/li&gt;
&lt;/ul&gt;
&lt;p&gt;If you are setting up Stroom for the first time and you had accepted the default for the &lt;strong&gt;CREATE_DEFAULT_VOLUME_ON_START&lt;/strong&gt; configuration option (&lt;em&gt;true&lt;/em&gt;) when
configuring the Stroom service application, you will see two default volumes have already been created. Had you set this option to &lt;em&gt;false&lt;/em&gt; then the window would be empty.&lt;/p&gt;
&lt;h4 id=&#34;add-volumes&#34;&gt;Add Volumes&lt;/h4&gt;
&lt;p&gt;Now from our two node Stroom Cluster example, our storage hierarchy was&lt;/p&gt;
&lt;ul&gt;
&lt;li&gt;Node: &lt;code&gt;stroomp00.strmdev00.org&lt;/code&gt;&lt;/li&gt;
&lt;li&gt;&lt;code&gt;/stroomdata/stroom-data-p00&lt;/code&gt;        - location to store Stroom application data files (events, etc.) for this node&lt;/li&gt;
&lt;li&gt;&lt;code&gt;/stroomdata/stroom-index-p00&lt;/code&gt;       - location to store Stroom application index files&lt;/li&gt;
&lt;li&gt;&lt;code&gt;/stroomdata/stroom-working-p00&lt;/code&gt;     - location to store Stroom application working files (e.g. temporary files, output, etc.) for this node&lt;/li&gt;
&lt;li&gt;&lt;code&gt;/stroomdata/stroom-working-p00/proxy&lt;/code&gt;       - location for Stroom proxy to store inbound data files&lt;/li&gt;
&lt;li&gt;Node: &lt;code&gt;stroomp01.strmdev00.org&lt;/code&gt;&lt;/li&gt;
&lt;li&gt;&lt;code&gt;/stroomdata/stroom-data-p01&lt;/code&gt;        - location to store Stroom application data files (events, etc.) for this node&lt;/li&gt;
&lt;li&gt;&lt;code&gt;/stroomdata/stroom-index-p01&lt;/code&gt;       - location to store Stroom application index files&lt;/li&gt;
&lt;li&gt;&lt;code&gt;/stroomdata/stroom-working-p01&lt;/code&gt;     - location to store Stroom application working files (e.g. temporary files, output, etc.) for this node&lt;/li&gt;
&lt;li&gt;&lt;code&gt;/stroomdata/stroom-working-p01/proxy&lt;/code&gt;       - location for Stroom proxy to store inbound data files&lt;/li&gt;
&lt;/ul&gt;
&lt;p&gt;From this we need to create four volumes. On &lt;code&gt;stroomp00.strmdev00.org&lt;/code&gt; we create&lt;/p&gt;
&lt;ul&gt;
&lt;li&gt;&lt;code&gt;/stroomdata/stroom-data-p00&lt;/code&gt;        - location to store Stroom application data files (events, etc.) for this node&lt;/li&gt;
&lt;li&gt;&lt;code&gt;/stroomdata/stroom-index-p00&lt;/code&gt;       - location to store Stroom application index files&lt;/li&gt;
&lt;/ul&gt;
&lt;p&gt;and on &lt;code&gt;stroomp01.strmdev00.org&lt;/code&gt; we create&lt;/p&gt;
&lt;ul&gt;
&lt;li&gt;&lt;code&gt;/stroomdata/stroom-data-p01&lt;/code&gt;        - location to store Stroom application data files (events, etc.) for this node&lt;/li&gt;
&lt;li&gt;&lt;code&gt;/stroomdata/stroom-index-p01&lt;/code&gt;       - location to store Stroom application index files&lt;/li&gt;
&lt;/ul&gt;
&lt;p&gt;So the first step to configure a volume is to move the cursor to the &lt;em&gt;New&lt;/em&gt; icon 







&lt;img class=&#34;stroom-icon&#34; src=&#34;../../images/stroom-ui/add.svg&#34; width=&#34;16px&#34; title=&#34;Add&#34; alt=&#34;add.svg&#34;&gt;
 in the top left of
the &lt;code&gt;Volumes&lt;/code&gt; window and select it. This will bring up the &lt;code&gt;Add Volume&lt;/code&gt; configuration window&lt;/p&gt;







  
  
  
  
  







  



&lt;div class=&#34;card rounded shadow-stroom p-2 td-post-card mb-4 mt-4&#34; style=&#34;width: fit-content;&#34;&gt;

  &lt;a title=&#34;images/HOWTOs/UI-ManageVolumes-02.png&#34; href=&#34;../../images/HOWTOs/UI-ManageVolumes-02.png&#34;&gt;
    &lt;figure style=&#34;margin-block-end: 0px&#34; &gt;
      
      &lt;img class=&#34;card-img-top&#34; src=&#34;../../images/HOWTOs/UI-ManageVolumes-02.png&#34; alt=&#34;images/HOWTOs/UI-ManageVolumes-02.png&#34;&gt;
      

      
      &lt;div class=&#34;card-body px-0 pt-2 pb-0&#34;&gt;
        &lt;hr style=&#34;border-top: 1px solid #ddd; margin-top: 0px; margin-bottom:4px;&#34;&gt;
        &lt;figcaption class=&#34;card-text&#34; style=&#34;font-size: smaller; text-align: center;&#34;&gt;Stroom UI Add Volume - Volume configuration window&lt;/figcaption&gt;
      &lt;/div&gt;
      
    &lt;/figure&gt;
  &lt;/a&gt;
&lt;/div&gt;

&lt;p&gt;As you can see, the entry box titles reflect the attributes of a volume. So we will add the first
nodes &lt;em&gt;data&lt;/em&gt; volume&lt;/p&gt;
&lt;ul&gt;
&lt;li&gt;&lt;code&gt;/stroomdata/stroom-data-p00&lt;/code&gt;        - location to store Stroom application data files (events, etc.) for this node
for node &lt;code&gt;stroomp00&lt;/code&gt;.&lt;/li&gt;
&lt;/ul&gt;
&lt;p&gt;If you move the the &lt;em&gt;Node&lt;/em&gt; drop down entry box and select it you will be presented with a choice of available
nodes - in this case &lt;code&gt;stroomp00&lt;/code&gt; and &lt;code&gt;stroomp01&lt;/code&gt; as we have a two node cluster with these node names.&lt;/p&gt;







  
  
  
  
  







  



&lt;div class=&#34;card rounded shadow-stroom p-2 td-post-card mb-4 mt-4&#34; style=&#34;width: fit-content;&#34;&gt;

  &lt;a title=&#34;images/HOWTOs/UI-ManageVolumes-03.png&#34; href=&#34;../../images/HOWTOs/UI-ManageVolumes-03.png&#34;&gt;
    &lt;figure style=&#34;margin-block-end: 0px&#34; &gt;
      
      &lt;img class=&#34;card-img-top&#34; src=&#34;../../images/HOWTOs/UI-ManageVolumes-03.png&#34; alt=&#34;images/HOWTOs/UI-ManageVolumes-03.png&#34;&gt;
      

      
      &lt;div class=&#34;card-body px-0 pt-2 pb-0&#34;&gt;
        &lt;hr style=&#34;border-top: 1px solid #ddd; margin-top: 0px; margin-bottom:4px;&#34;&gt;
        &lt;figcaption class=&#34;card-text&#34; style=&#34;font-size: smaller; text-align: center;&#34;&gt;Stroom UI Add Volume - select node&lt;/figcaption&gt;
      &lt;/div&gt;
      
    &lt;/figure&gt;
  &lt;/a&gt;
&lt;/div&gt;

&lt;p&gt;By selecting the node &lt;code&gt;stroomp00&lt;/code&gt; we see&lt;/p&gt;







  
  
  
  
  







  



&lt;div class=&#34;card rounded shadow-stroom p-2 td-post-card mb-4 mt-4&#34; style=&#34;width: fit-content;&#34;&gt;

  &lt;a title=&#34;images/HOWTOs/UI-ManageVolumes-04.png&#34; href=&#34;../../images/HOWTOs/UI-ManageVolumes-04.png&#34;&gt;
    &lt;figure style=&#34;margin-block-end: 0px&#34; &gt;
      
      &lt;img class=&#34;card-img-top&#34; src=&#34;../../images/HOWTOs/UI-ManageVolumes-04.png&#34; alt=&#34;images/HOWTOs/UI-ManageVolumes-04.png&#34;&gt;
      

      
      &lt;div class=&#34;card-body px-0 pt-2 pb-0&#34;&gt;
        &lt;hr style=&#34;border-top: 1px solid #ddd; margin-top: 0px; margin-bottom:4px;&#34;&gt;
        &lt;figcaption class=&#34;card-text&#34; style=&#34;font-size: smaller; text-align: center;&#34;&gt;Stroom UI Add Volume - selected node&lt;/figcaption&gt;
      &lt;/div&gt;
      
    &lt;/figure&gt;
  &lt;/a&gt;
&lt;/div&gt;

&lt;p&gt;To configure the rest of the attributes for this volume, we:&lt;/p&gt;
&lt;ul&gt;
&lt;li&gt;enter the &lt;em&gt;Path&lt;/em&gt; to our first node&amp;rsquo;s &lt;em&gt;data&lt;/em&gt; volume&lt;/li&gt;
&lt;li&gt;select a &lt;em&gt;Volume Type&lt;/em&gt; of &lt;em&gt;Public&lt;/em&gt; as this is a data volume we want all nodes to access&lt;/li&gt;
&lt;li&gt;select a &lt;em&gt;Stream Status&lt;/em&gt; of &lt;em&gt;Active&lt;/em&gt; to indicate we want to store data on it&lt;/li&gt;
&lt;li&gt;select an &lt;em&gt;Index Status&lt;/em&gt; of &lt;em&gt;Inactive&lt;/em&gt; as we do &lt;strong&gt;NOT&lt;/strong&gt; want index data stored on it&lt;/li&gt;
&lt;li&gt;set a &lt;em&gt;Limit&lt;/em&gt; of 12GB for allowed storage&lt;/li&gt;
&lt;/ul&gt;







  
  
  
  
  







  



&lt;div class=&#34;card rounded shadow-stroom p-2 td-post-card mb-4 mt-4&#34; style=&#34;width: fit-content;&#34;&gt;

  &lt;a title=&#34;images/HOWTOs/UI-ManageVolumes-05.png&#34; href=&#34;../../images/HOWTOs/UI-ManageVolumes-05.png&#34;&gt;
    &lt;figure style=&#34;margin-block-end: 0px&#34; &gt;
      
      &lt;img class=&#34;card-img-top&#34; src=&#34;../../images/HOWTOs/UI-ManageVolumes-05.png&#34; alt=&#34;images/HOWTOs/UI-ManageVolumes-05.png&#34;&gt;
      

      
      &lt;div class=&#34;card-body px-0 pt-2 pb-0&#34;&gt;
        &lt;hr style=&#34;border-top: 1px solid #ddd; margin-top: 0px; margin-bottom:4px;&#34;&gt;
        &lt;figcaption class=&#34;card-text&#34; style=&#34;font-size: smaller; text-align: center;&#34;&gt;Stroom UI Add Volume - adding first data volume&lt;/figcaption&gt;
      &lt;/div&gt;
      
    &lt;/figure&gt;
  &lt;/a&gt;
&lt;/div&gt;

&lt;p&gt;and on selection of the







  
  
  
  
  







  



&lt;div class=&#34;card rounded shadow-stroom p-2 td-post-card mb-4 mt-4&#34; style=&#34;width: fit-content;&#34;&gt;

  &lt;a title=&#34;images/HOWTOs/icons/buttonOk.png&#34; href=&#34;../../images/HOWTOs/icons/buttonOk.png&#34;&gt;
    &lt;figure style=&#34;margin-block-end: 0px&#34; &gt;
      
      &lt;img class=&#34;card-img-top&#34; src=&#34;../../images/HOWTOs/icons/buttonOk.png&#34; alt=&#34;images/HOWTOs/icons/buttonOk.png&#34;&gt;
      

      
      &lt;div class=&#34;card-body px-0 pt-2 pb-0&#34;&gt;
        &lt;hr style=&#34;border-top: 1px solid #ddd; margin-top: 0px; margin-bottom:4px;&#34;&gt;
        &lt;figcaption class=&#34;card-text&#34; style=&#34;font-size: smaller; text-align: center;&#34;&gt;Stroom UI OkButton&lt;/figcaption&gt;
      &lt;/div&gt;
      
    &lt;/figure&gt;
  &lt;/a&gt;
&lt;/div&gt;

we see the changes in the &lt;code&gt;Volumes&lt;/code&gt; configuration window&lt;/p&gt;







  
  
  
  
  







  



&lt;div class=&#34;card rounded shadow-stroom p-2 td-post-card mb-4 mt-4&#34; style=&#34;width: fit-content;&#34;&gt;

  &lt;a title=&#34;images/HOWTOs/UI-ManageVolumes-06.png&#34; href=&#34;../../images/HOWTOs/UI-ManageVolumes-06.png&#34;&gt;
    &lt;figure style=&#34;margin-block-end: 0px&#34; &gt;
      
      &lt;img class=&#34;card-img-top&#34; src=&#34;../../images/HOWTOs/UI-ManageVolumes-06.png&#34; alt=&#34;images/HOWTOs/UI-ManageVolumes-06.png&#34;&gt;
      

      
      &lt;div class=&#34;card-body px-0 pt-2 pb-0&#34;&gt;
        &lt;hr style=&#34;border-top: 1px solid #ddd; margin-top: 0px; margin-bottom:4px;&#34;&gt;
        &lt;figcaption class=&#34;card-text&#34; style=&#34;font-size: smaller; text-align: center;&#34;&gt;Stroom UI Add Volume - added first data volume&lt;/figcaption&gt;
      &lt;/div&gt;
      
    &lt;/figure&gt;
  &lt;/a&gt;
&lt;/div&gt;

&lt;p&gt;We next add the first node&amp;rsquo;s index volume, as per&lt;/p&gt;







  
  
  
  
  







  



&lt;div class=&#34;card rounded shadow-stroom p-2 td-post-card mb-4 mt-4&#34; style=&#34;width: fit-content;&#34;&gt;

  &lt;a title=&#34;images/HOWTOs/UI-ManageVolumes-07.png&#34; href=&#34;../../images/HOWTOs/UI-ManageVolumes-07.png&#34;&gt;
    &lt;figure style=&#34;margin-block-end: 0px&#34; &gt;
      
      &lt;img class=&#34;card-img-top&#34; src=&#34;../../images/HOWTOs/UI-ManageVolumes-07.png&#34; alt=&#34;images/HOWTOs/UI-ManageVolumes-07.png&#34;&gt;
      

      
      &lt;div class=&#34;card-body px-0 pt-2 pb-0&#34;&gt;
        &lt;hr style=&#34;border-top: 1px solid #ddd; margin-top: 0px; margin-bottom:4px;&#34;&gt;
        &lt;figcaption class=&#34;card-text&#34; style=&#34;font-size: smaller; text-align: center;&#34;&gt;Stroom UI Add Volume - adding first index volume&lt;/figcaption&gt;
      &lt;/div&gt;
      
    &lt;/figure&gt;
  &lt;/a&gt;
&lt;/div&gt;

&lt;p&gt;And after adding the second node&amp;rsquo;s volumes we are finally presented with our configured volumes&lt;/p&gt;







  
  
  
  
  







  



&lt;div class=&#34;card rounded shadow-stroom p-2 td-post-card mb-4 mt-4&#34; style=&#34;width: fit-content;&#34;&gt;

  &lt;a title=&#34;images/HOWTOs/UI-ManageVolumes-08.png&#34; href=&#34;../../images/HOWTOs/UI-ManageVolumes-08.png&#34;&gt;
    &lt;figure style=&#34;margin-block-end: 0px&#34; &gt;
      
      &lt;img class=&#34;card-img-top&#34; src=&#34;../../images/HOWTOs/UI-ManageVolumes-08.png&#34; alt=&#34;images/HOWTOs/UI-ManageVolumes-08.png&#34;&gt;
      

      
      &lt;div class=&#34;card-body px-0 pt-2 pb-0&#34;&gt;
        &lt;hr style=&#34;border-top: 1px solid #ddd; margin-top: 0px; margin-bottom:4px;&#34;&gt;
        &lt;figcaption class=&#34;card-text&#34; style=&#34;font-size: smaller; text-align: center;&#34;&gt;Stroom UI Add Volume - all volumes added&lt;/figcaption&gt;
      &lt;/div&gt;
      
    &lt;/figure&gt;
  &lt;/a&gt;
&lt;/div&gt;

&lt;h4 id=&#34;delete-default-volumes&#34;&gt;Delete Default Volumes&lt;/h4&gt;
&lt;p&gt;We now need to deal with our default volumes. We want to delete them.&lt;/p&gt;







  
  
  
  
  







  



&lt;div class=&#34;card rounded shadow-stroom p-2 td-post-card mb-4 mt-4&#34; style=&#34;width: fit-content;&#34;&gt;

  &lt;a title=&#34;images/HOWTOs/UI-ManageVolumes-09.png&#34; href=&#34;../../images/HOWTOs/UI-ManageVolumes-09.png&#34;&gt;
    &lt;figure style=&#34;margin-block-end: 0px&#34; &gt;
      
      &lt;img class=&#34;card-img-top&#34; src=&#34;../../images/HOWTOs/UI-ManageVolumes-09.png&#34; alt=&#34;images/HOWTOs/UI-ManageVolumes-09.png&#34;&gt;
      

      
      &lt;div class=&#34;card-body px-0 pt-2 pb-0&#34;&gt;
        &lt;hr style=&#34;border-top: 1px solid #ddd; margin-top: 0px; margin-bottom:4px;&#34;&gt;
        &lt;figcaption class=&#34;card-text&#34; style=&#34;font-size: smaller; text-align: center;&#34;&gt;Stroom UI Delete Default - display default&lt;/figcaption&gt;
      &lt;/div&gt;
      
    &lt;/figure&gt;
  &lt;/a&gt;
&lt;/div&gt;

&lt;p&gt;So we move the cursor to the first volume&amp;rsquo;s line (&lt;em&gt;stroomp00 /home/stroomuser/stroom-app/volumes/defaultindexVolume&lt;/em&gt; &amp;hellip;) and select the line then move the cursor to the  &lt;em&gt;Delete&lt;/em&gt; icon 







&lt;img class=&#34;stroom-icon&#34; src=&#34;../../images/stroom-ui/delete.svg&#34; width=&#34;16px&#34; title=&#34;Delete&#34; alt=&#34;delete.svg&#34;&gt;
 in the top left of the &lt;code&gt;Volumes&lt;/code&gt; window and select it. On selection you will be given a confirmation request&lt;/p&gt;







  
  
  
  
  







  



&lt;div class=&#34;card rounded shadow-stroom p-2 td-post-card mb-4 mt-4&#34; style=&#34;width: fit-content;&#34;&gt;

  &lt;a title=&#34;images/HOWTOs/UI-ManageVolumes-10.png&#34; href=&#34;../../images/HOWTOs/UI-ManageVolumes-10.png&#34;&gt;
    &lt;figure style=&#34;margin-block-end: 0px&#34; &gt;
      
      &lt;img class=&#34;card-img-top&#34; src=&#34;../../images/HOWTOs/UI-ManageVolumes-10.png&#34; alt=&#34;images/HOWTOs/UI-ManageVolumes-10.png&#34;&gt;
      

      
      &lt;div class=&#34;card-body px-0 pt-2 pb-0&#34;&gt;
        &lt;hr style=&#34;border-top: 1px solid #ddd; margin-top: 0px; margin-bottom:4px;&#34;&gt;
        &lt;figcaption class=&#34;card-text&#34; style=&#34;font-size: smaller; text-align: center;&#34;&gt;Stroom UI Delete Default - confirm deletion&lt;/figcaption&gt;
      &lt;/div&gt;
      
    &lt;/figure&gt;
  &lt;/a&gt;
&lt;/div&gt;

&lt;p&gt;at which we press the







  
  
  
  
  







  



&lt;div class=&#34;card rounded shadow-stroom p-2 td-post-card mb-4 mt-4&#34; style=&#34;width: fit-content;&#34;&gt;

  &lt;a title=&#34;images/HOWTOs/icons/buttonOk.png&#34; href=&#34;../../images/HOWTOs/icons/buttonOk.png&#34;&gt;
    &lt;figure style=&#34;margin-block-end: 0px&#34; &gt;
      
      &lt;img class=&#34;card-img-top&#34; src=&#34;../../images/HOWTOs/icons/buttonOk.png&#34; alt=&#34;images/HOWTOs/icons/buttonOk.png&#34;&gt;
      

      
      &lt;div class=&#34;card-body px-0 pt-2 pb-0&#34;&gt;
        &lt;hr style=&#34;border-top: 1px solid #ddd; margin-top: 0px; margin-bottom:4px;&#34;&gt;
        &lt;figcaption class=&#34;card-text&#34; style=&#34;font-size: smaller; text-align: center;&#34;&gt;Stroom UI OkButton&lt;/figcaption&gt;
      &lt;/div&gt;
      
    &lt;/figure&gt;
  &lt;/a&gt;
&lt;/div&gt;

button to see the first default volume has been deleted&lt;/p&gt;







  
  
  
  
  







  



&lt;div class=&#34;card rounded shadow-stroom p-2 td-post-card mb-4 mt-4&#34; style=&#34;width: fit-content;&#34;&gt;

  &lt;a title=&#34;images/HOWTOs/UI-ManageVolumes-11.png&#34; href=&#34;../../images/HOWTOs/UI-ManageVolumes-11.png&#34;&gt;
    &lt;figure style=&#34;margin-block-end: 0px&#34; &gt;
      
      &lt;img class=&#34;card-img-top&#34; src=&#34;../../images/HOWTOs/UI-ManageVolumes-11.png&#34; alt=&#34;images/HOWTOs/UI-ManageVolumes-11.png&#34;&gt;
      

      
      &lt;div class=&#34;card-body px-0 pt-2 pb-0&#34;&gt;
        &lt;hr style=&#34;border-top: 1px solid #ddd; margin-top: 0px; margin-bottom:4px;&#34;&gt;
        &lt;figcaption class=&#34;card-text&#34; style=&#34;font-size: smaller; text-align: center;&#34;&gt;Stroom UI Delete Default - first volume deleted&lt;/figcaption&gt;
      &lt;/div&gt;
      
    &lt;/figure&gt;
  &lt;/a&gt;
&lt;/div&gt;

&lt;p&gt;and after we select then delete the second default volume( &lt;em&gt;stroomp00 /home/stroomuser/stroom-app/volumes/defaultStreamVolume&lt;/em&gt; &amp;hellip;), we are left with&lt;/p&gt;







  
  
  
  
  







  



&lt;div class=&#34;card rounded shadow-stroom p-2 td-post-card mb-4 mt-4&#34; style=&#34;width: fit-content;&#34;&gt;

  &lt;a title=&#34;images/HOWTOs/UI-ManageVolumes-12.png&#34; href=&#34;../../images/HOWTOs/UI-ManageVolumes-12.png&#34;&gt;
    &lt;figure style=&#34;margin-block-end: 0px&#34; &gt;
      
      &lt;img class=&#34;card-img-top&#34; src=&#34;../../images/HOWTOs/UI-ManageVolumes-12.png&#34; alt=&#34;images/HOWTOs/UI-ManageVolumes-12.png&#34;&gt;
      

      
      &lt;div class=&#34;card-body px-0 pt-2 pb-0&#34;&gt;
        &lt;hr style=&#34;border-top: 1px solid #ddd; margin-top: 0px; margin-bottom:4px;&#34;&gt;
        &lt;figcaption class=&#34;card-text&#34; style=&#34;font-size: smaller; text-align: center;&#34;&gt;Stroom UI Delete Default - all deleted&lt;/figcaption&gt;
      &lt;/div&gt;
      
    &lt;/figure&gt;
  &lt;/a&gt;
&lt;/div&gt;

&lt;p&gt;At this one can close the &lt;code&gt;Volumes&lt;/code&gt; configuration window by pressing the







  
  
  
  
  







  



&lt;div class=&#34;card rounded shadow-stroom p-2 td-post-card mb-4 mt-4&#34; style=&#34;width: fit-content;&#34;&gt;

  &lt;a title=&#34;images/HOWTOs/icons/buttonClose.png&#34; href=&#34;../../images/HOWTOs/icons/buttonClose.png&#34;&gt;
    &lt;figure style=&#34;margin-block-end: 0px&#34; &gt;
      
      &lt;img class=&#34;card-img-top&#34; src=&#34;../../images/HOWTOs/icons/buttonClose.png&#34; alt=&#34;images/HOWTOs/icons/buttonClose.png&#34;&gt;
      

      
      &lt;div class=&#34;card-body px-0 pt-2 pb-0&#34;&gt;
        &lt;hr style=&#34;border-top: 1px solid #ddd; margin-top: 0px; margin-bottom:4px;&#34;&gt;
        &lt;figcaption class=&#34;card-text&#34; style=&#34;font-size: smaller; text-align: center;&#34;&gt;Stroom UI CloseButton&lt;/figcaption&gt;
      &lt;/div&gt;
      
    &lt;/figure&gt;
  &lt;/a&gt;
&lt;/div&gt;
 button.&lt;/p&gt;
&lt;p&gt;&lt;strong&gt;NOTE&lt;/strong&gt;: At the time of writing there is an issue regarding volumes&lt;/p&gt;
&lt;h5 id=&#34;stroom-github-issue-84---&#34;&gt;Stroom Github Issue 84  -&lt;/h5&gt;
&lt;p&gt;Due to &lt;a href=&#34;https://github.com/gchq/stroom/issues/84&#34;&gt;Issue 84 (external link)&lt;/a&gt;, if we delete volumes in a multi node environment, the deletion is not propagated to all other nodes in a cluster.
Thus if we attempted to use the volumes we would get a database error.
The current &lt;em&gt;workaround&lt;/em&gt; is to restart all the Stroom applications which will cause a reload of all volume information.
This &lt;strong&gt;MUST&lt;/strong&gt; be done before sending any data to your multi-node Stroom cluster.&lt;/p&gt;
&lt;h2 id=&#34;adding-new-volumes&#34;&gt;Adding new Volumes&lt;/h2&gt;
&lt;p&gt;When one expands a Multi Node Stroom cluster deployment, after the installation of the Stroom Proxy and Application software and services on the new node,
one has to configure the new volumes that are on the new node. The following demonstrates this assuming we are adding&lt;/p&gt;
&lt;ul&gt;
&lt;li&gt;the new node is &lt;code&gt;stroomp02&lt;/code&gt;&lt;/li&gt;
&lt;li&gt;the storage hierarchy for this node is&lt;/li&gt;
&lt;li&gt;&lt;code&gt;/stroomdata/stroom-data-p02&lt;/code&gt;        - location to store Stroom application data files (events, etc.) for this node&lt;/li&gt;
&lt;li&gt;&lt;code&gt;/stroomdata/stroom-index-p02&lt;/code&gt;       - location to store Stroom application index files&lt;/li&gt;
&lt;li&gt;&lt;code&gt;/stroomdata/stroom-working-p02&lt;/code&gt;     - location to store Stroom application working files (e.g. tmp, output, etc.) for this node&lt;/li&gt;
&lt;li&gt;&lt;code&gt;/stroomdata/stroom-working-p02/proxy&lt;/code&gt;       - location for Stroom proxy to store inbound data files&lt;/li&gt;
&lt;/ul&gt;
&lt;p&gt;From this we need to create two volumes on &lt;code&gt;stroomp02&lt;/code&gt;&lt;/p&gt;
&lt;ul&gt;
&lt;li&gt;&lt;code&gt;/stroomdata/stroom-data-p02&lt;/code&gt;        - location to store Stroom application data files (events, etc.) for this node&lt;/li&gt;
&lt;li&gt;&lt;code&gt;/stroomdata/stroom-index-p02&lt;/code&gt;       - location to store Stroom application index files&lt;/li&gt;
&lt;/ul&gt;
&lt;p&gt;To configure the volumes, move to the &lt;code&gt;Tools&lt;/code&gt; item of the &lt;strong&gt;Main Menu&lt;/strong&gt; and select it to bring up the &lt;code&gt;Tools&lt;/code&gt; sub-menu.







  
  
  
  
  







  



&lt;div class=&#34;card rounded shadow-stroom p-2 td-post-card mb-4 mt-4&#34; style=&#34;width: fit-content;&#34;&gt;

  &lt;a title=&#34;images/HOWTOs/UI-ToolsSubmenu-00.png&#34; href=&#34;../../images/HOWTOs/UI-ToolsSubmenu-00.png&#34;&gt;
    &lt;figure style=&#34;margin-block-end: 0px&#34; &gt;
      
      &lt;img class=&#34;card-img-top&#34; src=&#34;../../images/HOWTOs/UI-ToolsSubmenu-00.png&#34; alt=&#34;images/HOWTOs/UI-ToolsSubmenu-00.png&#34;&gt;
      

      
      &lt;div class=&#34;card-body px-0 pt-2 pb-0&#34;&gt;
        &lt;hr style=&#34;border-top: 1px solid #ddd; margin-top: 0px; margin-bottom:4px;&#34;&gt;
        &lt;figcaption class=&#34;card-text&#34; style=&#34;font-size: smaller; text-align: center;&#34;&gt;Stroom UI Tools sub-menu&lt;/figcaption&gt;
      &lt;/div&gt;
      
    &lt;/figure&gt;
  &lt;/a&gt;
&lt;/div&gt;
&lt;/p&gt;
&lt;p&gt;then move down and select the &lt;code&gt;Volumes&lt;/code&gt; sub-item to be presented with the &lt;code&gt;Volumes&lt;/code&gt; configuration window as.
We then move the cursor to the &lt;em&gt;New&lt;/em&gt; icon 







&lt;img class=&#34;stroom-icon&#34; src=&#34;../../images/stroom-ui/add.svg&#34; width=&#34;16px&#34; title=&#34;Add&#34; alt=&#34;add.svg&#34;&gt;

in the top left of the &lt;code&gt;Volumes&lt;/code&gt; window and select it.
This will bring up the &lt;code&gt;Add Volume&lt;/code&gt; configuration window where we select our volume&amp;rsquo;s node &lt;code&gt;stroomp02&lt;/code&gt;.&lt;/p&gt;







  
  
  
  
  







  



&lt;div class=&#34;card rounded shadow-stroom p-2 td-post-card mb-4 mt-4&#34; style=&#34;width: fit-content;&#34;&gt;

  &lt;a title=&#34;images/HOWTOs/UI-ManageNewVolume-00.png&#34; href=&#34;../../images/HOWTOs/UI-ManageNewVolume-00.png&#34;&gt;
    &lt;figure style=&#34;margin-block-end: 0px&#34; &gt;
      
      &lt;img class=&#34;card-img-top&#34; src=&#34;../../images/HOWTOs/UI-ManageNewVolume-00.png&#34; alt=&#34;images/HOWTOs/UI-ManageNewVolume-00.png&#34;&gt;
      

      
      &lt;div class=&#34;card-body px-0 pt-2 pb-0&#34;&gt;
        &lt;hr style=&#34;border-top: 1px solid #ddd; margin-top: 0px; margin-bottom:4px;&#34;&gt;
        &lt;figcaption class=&#34;card-text&#34; style=&#34;font-size: smaller; text-align: center;&#34;&gt;Stroom UI Volumes - New Node configuration window start data volume&lt;/figcaption&gt;
      &lt;/div&gt;
      
    &lt;/figure&gt;
  &lt;/a&gt;
&lt;/div&gt;

&lt;p&gt;We select this node and then configure the rest of the attributes for this &lt;em&gt;data&lt;/em&gt; volume&lt;/p&gt;







  
  
  
  
  







  



&lt;div class=&#34;card rounded shadow-stroom p-2 td-post-card mb-4 mt-4&#34; style=&#34;width: fit-content;&#34;&gt;

  &lt;a title=&#34;images/HOWTOs/UI-ManageNewVolume-01.png&#34; href=&#34;../../images/HOWTOs/UI-ManageNewVolume-01.png&#34;&gt;
    &lt;figure style=&#34;margin-block-end: 0px&#34; &gt;
      
      &lt;img class=&#34;card-img-top&#34; src=&#34;../../images/HOWTOs/UI-ManageNewVolume-01.png&#34; alt=&#34;images/HOWTOs/UI-ManageNewVolume-01.png&#34;&gt;
      

      
      &lt;div class=&#34;card-body px-0 pt-2 pb-0&#34;&gt;
        &lt;hr style=&#34;border-top: 1px solid #ddd; margin-top: 0px; margin-bottom:4px;&#34;&gt;
        &lt;figcaption class=&#34;card-text&#34; style=&#34;font-size: smaller; text-align: center;&#34;&gt;Stroom UI Volumes - New Node configuration window data volume&lt;/figcaption&gt;
      &lt;/div&gt;
      
    &lt;/figure&gt;
  &lt;/a&gt;
&lt;/div&gt;

&lt;p&gt;then press the







  
  
  
  
  







  



&lt;div class=&#34;card rounded shadow-stroom p-2 td-post-card mb-4 mt-4&#34; style=&#34;width: fit-content;&#34;&gt;

  &lt;a title=&#34;images/HOWTOs/icons/buttonOk.png&#34; href=&#34;../../images/HOWTOs/icons/buttonOk.png&#34;&gt;
    &lt;figure style=&#34;margin-block-end: 0px&#34; &gt;
      
      &lt;img class=&#34;card-img-top&#34; src=&#34;../../images/HOWTOs/icons/buttonOk.png&#34; alt=&#34;images/HOWTOs/icons/buttonOk.png&#34;&gt;
      

      
      &lt;div class=&#34;card-body px-0 pt-2 pb-0&#34;&gt;
        &lt;hr style=&#34;border-top: 1px solid #ddd; margin-top: 0px; margin-bottom:4px;&#34;&gt;
        &lt;figcaption class=&#34;card-text&#34; style=&#34;font-size: smaller; text-align: center;&#34;&gt;Stroom UI OkButton&lt;/figcaption&gt;
      &lt;/div&gt;
      
    &lt;/figure&gt;
  &lt;/a&gt;
&lt;/div&gt;
 button.&lt;/p&gt;
&lt;p&gt;We then add another volume for the &lt;em&gt;index&lt;/em&gt; volume for this node with attributes as per&lt;/p&gt;







  
  
  
  
  







  



&lt;div class=&#34;card rounded shadow-stroom p-2 td-post-card mb-4 mt-4&#34; style=&#34;width: fit-content;&#34;&gt;

  &lt;a title=&#34;images/HOWTOs/UI-ManageNewVolume-02.png&#34; href=&#34;../../images/HOWTOs/UI-ManageNewVolume-02.png&#34;&gt;
    &lt;figure style=&#34;margin-block-end: 0px&#34; &gt;
      
      &lt;img class=&#34;card-img-top&#34; src=&#34;../../images/HOWTOs/UI-ManageNewVolume-02.png&#34; alt=&#34;images/HOWTOs/UI-ManageNewVolume-02.png&#34;&gt;
      

      
      &lt;div class=&#34;card-body px-0 pt-2 pb-0&#34;&gt;
        &lt;hr style=&#34;border-top: 1px solid #ddd; margin-top: 0px; margin-bottom:4px;&#34;&gt;
        &lt;figcaption class=&#34;card-text&#34; style=&#34;font-size: smaller; text-align: center;&#34;&gt;Stroom UI Volumes - New Node configuration window index volume added&lt;/figcaption&gt;
      &lt;/div&gt;
      
    &lt;/figure&gt;
  &lt;/a&gt;
&lt;/div&gt;

&lt;p&gt;And on pressing the 






  
  
  
  
  







  



&lt;div class=&#34;card rounded shadow-stroom p-2 td-post-card mb-4 mt-4&#34; style=&#34;width: fit-content;&#34;&gt;

  &lt;a title=&#34;images/HOWTOs/icons/buttonOk.png&#34; href=&#34;../../images/HOWTOs/icons/buttonOk.png&#34;&gt;
    &lt;figure style=&#34;margin-block-end: 0px&#34; &gt;
      
      &lt;img class=&#34;card-img-top&#34; src=&#34;../../images/HOWTOs/icons/buttonOk.png&#34; alt=&#34;images/HOWTOs/icons/buttonOk.png&#34;&gt;
      

      
      &lt;div class=&#34;card-body px-0 pt-2 pb-0&#34;&gt;
        &lt;hr style=&#34;border-top: 1px solid #ddd; margin-top: 0px; margin-bottom:4px;&#34;&gt;
        &lt;figcaption class=&#34;card-text&#34; style=&#34;font-size: smaller; text-align: center;&#34;&gt;Stroom UI OkButton&lt;/figcaption&gt;
      &lt;/div&gt;
      
    &lt;/figure&gt;
  &lt;/a&gt;
&lt;/div&gt;
 button we see our two new volumes for this node have been added.&lt;/p&gt;







  
  
  
  
  







  



&lt;div class=&#34;card rounded shadow-stroom p-2 td-post-card mb-4 mt-4&#34; style=&#34;width: fit-content;&#34;&gt;

  &lt;a title=&#34;images/HOWTOs/UI-ManageNewVolume-03.png&#34; href=&#34;../../images/HOWTOs/UI-ManageNewVolume-03.png&#34;&gt;
    &lt;figure style=&#34;margin-block-end: 0px&#34; &gt;
      
      &lt;img class=&#34;card-img-top&#34; src=&#34;../../images/HOWTOs/UI-ManageNewVolume-03.png&#34; alt=&#34;images/HOWTOs/UI-ManageNewVolume-03.png&#34;&gt;
      

      
      &lt;div class=&#34;card-body px-0 pt-2 pb-0&#34;&gt;
        &lt;hr style=&#34;border-top: 1px solid #ddd; margin-top: 0px; margin-bottom:4px;&#34;&gt;
        &lt;figcaption class=&#34;card-text&#34; style=&#34;font-size: smaller; text-align: center;&#34;&gt;Stroom UI Volumes - New Node configuration window volumes added&lt;/figcaption&gt;
      &lt;/div&gt;
      
    &lt;/figure&gt;
  &lt;/a&gt;
&lt;/div&gt;

&lt;p&gt;At this one can close the &lt;code&gt;Volumes&lt;/code&gt; configuration window by pressing the







  
  
  
  
  







  



&lt;div class=&#34;card rounded shadow-stroom p-2 td-post-card mb-4 mt-4&#34; style=&#34;width: fit-content;&#34;&gt;

  &lt;a title=&#34;images/HOWTOs/icons/buttonClose.png&#34; href=&#34;../../images/HOWTOs/icons/buttonClose.png&#34;&gt;
    &lt;figure style=&#34;margin-block-end: 0px&#34; &gt;
      
      &lt;img class=&#34;card-img-top&#34; src=&#34;../../images/HOWTOs/icons/buttonClose.png&#34; alt=&#34;images/HOWTOs/icons/buttonClose.png&#34;&gt;
      

      
      &lt;div class=&#34;card-body px-0 pt-2 pb-0&#34;&gt;
        &lt;hr style=&#34;border-top: 1px solid #ddd; margin-top: 0px; margin-bottom:4px;&#34;&gt;
        &lt;figcaption class=&#34;card-text&#34; style=&#34;font-size: smaller; text-align: center;&#34;&gt;Stroom UI CloseButton&lt;/figcaption&gt;
      &lt;/div&gt;
      
    &lt;/figure&gt;
  &lt;/a&gt;
&lt;/div&gt;
 button.&lt;/p&gt;

      </description>
    </item>
    
  </channel>
</rss>
